:020000040800F2
:10000000400401200D030008DB760008C5670008E6
:10001000D9760008C12600086583000800000000AA
:100020000000000000000000000000004D02000879
:100030000529000800000000A9020008E778000870
:1000400027030008270300082703000827030008E8
:1000500027030008270300082703000827030008D8
:100060002703000827030008392A0008270300088F
:1000700027030008812700088D270008992700081A
:10008000A5270008B1270008270300082703000858
:100090002703000827030008270300082703000898
:1000A0002703000827030008270300082703000888
:1000B0002703000827030008270300082703000878
:1000C0002703000827030008270300082703000868
:1000D0002703000827030008270300082703000858
:1000E000312A000827030008270300082703000817
:1000F0002703000827030008270300082703000838
:100100002703000827030008270300082703000827
:10011000657E000827030008AD7900082703000862
:100120002703000827030008270300082703000807
:10013000270300080000000000000000270300085B
:1001400027030008270300082703000827030008E7
:10015000BD2700082703000827030008270300081D
:1001600027030008270300082703000827030008C7
:10017000270300082703000800000000000000001B
:10018000270300082703000800F002F800F04FF8EA
:100190000AA090E8000C82448344AAF10107DA45E2
:1001A00001D100F044F8AFF2090EBAE80F0013F0E5
:1001B000010F18BFFB1A43F00103184758B00000A5
:1001C00098B00000103A24BF78C878C1FAD8520716
:1001D00024BF30C830C144BF04680C6070470000C1
:1001E0000023002400250026103A28BF78C1FBD840
:1001F000520728BF30C148BF0B60704766290AF01C
:100200008F85002070471FB50AF07DFD00F01AFEB3
:100210000400002000210AF0FDFA401C606000206C
:1002200000210AF0E1FAE0601FBD10B510BD00F03A
:100230007DFF1146FFF7E7FF08F040FA01F026FACC
:1002400003B4FFF7F2FF03BC01F06AFA2C4B196804
:100250000868B0E8F04F80F30988BFF36F8F4FF064
:10026000000080F311887047000000000848006813
:10027000006880F308884FF0000080F3148862B6AD
:1002800061B6BFF34F8FBFF36F8F00DF00BF00BFBA
:1002900008ED00E0DFF80C00016841F47001016036
:1002A000704700BF88ED00E0EFF30980BFF36F8F68
:1002B000134B1A681EF0100F08BF20ED108A20E9BA
:1002C000F04F106009B44FF0500080F31188BFF375
:1002D0004F8FBFF36F8F09F09BFB4FF0000080F34F
:1002E000118809BC19680868B0E8F04F1EF0100FBB
:1002F00008BFB0EC108A80F30988BFF36F8F704796
:100300005C000010EFF3058070470000094880474B
:1003100009480047FEE7FEE7FEE7FEE7FEE7FEE7E7
:10032000FEE7FEE7FEE7FEE704480549054A064BFF
:10033000704700009D7900088901000840D4002022
:100340004004012040E4002040E4002053EA020C75
:1003500000F069802DE9F04B4FF00006002B1FBF25
:10036000B3FA83F503FA05F424FA05F65E4012BFEA
:100370001643B2FA82F502FA05F4C5F120051EBF54
:1003800022FA05FC44EA0C04203556EA044C4FEAF4
:10039000144418BF641C4FF000084FF0000990424D
:1003A00071EB030C39D3002919BFB1FA81F701FAB7
:1003B00007F6B0FA80F700FA07F6C7F120071EBF6C
:1003C00020FA07FC46EA0C062037B6FBF4FCA7EB44
:1003D0000507103F07F01F0BCBF120060CFA0BFBB3
:1003E0002CFA06F644BFB3460026202FA4BF5E4673
:1003F0004FF0000B5BEA060C08BF4FF0010B19EB46
:100400000B09ABFB027C48EB0608C01B06FB02CCC9
:100410000BFB03CC71EB0C01C1E70B4602464146D6
:100420004846BDE8F08B13B54FF000004FF00001D7
:10043000AFF30080BDE81C40704710B54C1084EA53
:10044000530404D54042C1F1000138BF491E1B428C
:1004500004D55242C3F1000338BF5B1EFFF776FF9D
:1004600014F0804F04D04042C1F1000138BF491E52
:1004700014F0004F04D05242C3F1000338BF5B1E9A
:1004800010BD00000FB47CB50C0009AA009001D08B
:100490002044401E084B7B4469460190089800F0B8
:1004A000F8FB05461CB10020694600F005FC284613
:1004B0007CBC5DF814FB0000290800002DE9F04722
:1004C0004FF0000A89460446C0F820A02046E168A3
:1004D0008847002876D0252806D0D4E90121904706
:1004E000206A401C2062F1E7E16820460025884729
:1004F000C4F81CA006460027C4F818A02A2E09D06C
:10050000304608F08CF838B304EB8708303EC8F862
:10051000186019E059F8041B204604EB870291612A
:10052000E1688847012F064618D1E069002820DAE3
:1005300025F020051DE0D8F8180000EB800006EB40
:1005400040003038C8F818002046E1688847064661
:1005500008F065F80028EED1012F0AD02E2E08D120
:100560002046E16888477F1C0646022F45F020059B
:10057000C4DBA069002803DA404245F00105A06110
:10058000E80701D025F01005B6B1A6F14100192801
:1005900002D8203645F400654A463146204625609B
:1005A0004D46FFF72BFE58B1012806D0ED1D25F072
:1005B000070000F1080989E704E005F1040985E76F
:1005C00030468AE7206ABDE8F08770B5064600F03D
:1005D0003DF90468054630460A22002100F0CCFBB4
:1005E0002C6070BD401ECAB210F8011F8A4202D0B2
:1005F0000029F9D100207047CBB22AB101788B4293
:1006000003D0401C521EF9D10020704740EA01037C
:1006100070B59B072ED14FF00136042A2AD308C8A3
:1006200010C99D1B9D43121F15EAC61517D0D8B2DD
:10063000E1B2401A50EA056110D198B2A1B2401A55
:1006400050EA05410AD123F07F4024F07F41401A4F
:1006500050EA052102D1180EA0EB146070BDA34230
:10066000DBD018BA21BA884201D9012070BD4FF001
:10067000FF3070BD0AB9002070BD10F8013B11F8C1
:10068000014B63B1A3420AD1521E08D010F8013BBE
:1006900011F8014B1BB1A34201D1521EEDD1181B21
:1006A00070BD032A40F2308010F0030C00F015807A
:1006B00011F8013BBCF1020F624498BF11F801CB65
:1006C00000F8013B38BF11F8013BA2F1040298BFCA
:1006D00000F801CB38BF00F8013B11F0030300F034
:1006E0002580083AC0F0088051F8043B083A51F8D8
:1006F00004CBA0E80810F5E7121D5CBF51F8043BDD
:1007000040F8043BAFF30080D20724BF11F8013B4F
:1007100011F801CB48BF11F8012B24BF00F8013BB1
:1007200000F801CB48BF00F8012B704710B5203A04
:10073000C0F00B80B1E81850203AA0E81850B1E89A
:100740001850A0E81850BFF4F5AF5FEA027C24BF50
:10075000B1E81850A0E8185044BF18C918C0BDE847
:1007600010405FEA827C24BF51F8043B40F8043B10
:1007700008BF7047D20728BF31F8023B48BF11F8C5
:10078000012B28BF20F8023B48BF00F8012B70471F
:1007900002F0FF0343EA032242EA024200F026BBD2
:1007A0004FF0000200B5134694469646203922BF0A
:1007B000A0E80C50A0E80C50B1F12001BFF4F7AF55
:1007C000090728BFA0E80C5048BF0CC05DF804EB37
:1007D000890028BF40F8042B08BF704748BF20F8A5
:1007E000022B11F0804F18BF00F8012B704710B595
:1007F000044610F0030F08BF11F0030F40F01580FE
:100800004FF0013E121FC0F20E8051F8043BA3EBE3
:100810000E0C2CEA030C1CEACE1C08BF40F8043B6B
:10082000F0D0A1F1040102F10402521E08DB11F81C
:10083000013B002B00F8013BF7D1114600F0D4FA40
:10084000204610BD70477047704700000048704751
:10085000DCD3002010B5FFF7F9FF006810BD10B51C
:100860000446FFF7F3FF046010BD70472DE9FF4F0A
:100870000C461E464FF0FF378BB0D2E90001DDF881
:1008800060800A908A46C1F30A5505B93D460021A9
:1008900008464FF00000BAF1000F00F4400005DAFE
:1008A00000EB80004FF4400101EA50004FEA9059FC
:1008B000B9F1010F00DDB9460A9850EA4A000ED09E
:1008C00044F61050A5F2FF3545432F14B8F1000F40
:1008D0001ED07542291E1EDDC9F100021CE0B8F1D0
:1008E000010F4FF0000001D0302103E0F24305E09A
:1008F0002154401CB042FBDB304600220021215431
:100900000B99C1F80880C1E900200FB0BDE8F08F55
:10091000BD1B6D1CDEE74A4600DA694206A800F0FE
:1009200093FB06AB93E8070003AB83E80700504650
:100930000A9901F039F98DE80700A0F500501F3839
:1009400000900398002D0ADD42F21F014A46084438
:10095000002303A90390684601F0E4FB09E0A0F539
:1009600000504A461F38002303A90390684601F04F
:1009700003FC8DE807000004000C03D04FF0FF30AB
:10098000410800E01046B8F1000F03D000220092A9
:1009900015461EE0751E05D400F058FA3032625537
:1009A0006D1EF9D5B3460122084302D000227F1CF8
:1009B00004E02078302801D100227F1E002A099708
:1009C00084D01DE0112D07DA00F040FA3032625574
:1009D0006D1C50EA0102F5D1084302D00098C8B15D
:1009E0000EE00021681E05E0235C625C6354225423
:1009F000401E491C8142F7DBAB46A81B401E0990F4
:100A0000002004F80B000B98099AC0F80880C0E990
:100A1000002B7AE711264FF0000857E72DE9F04F39
:100A200088460446D21D22F0070191B0D1E90001A9
:100A3000CDE90A0107F097FC02460B98C00F01D0E0
:100A40002D2007E02068810701D52B2002E020211E
:100A500001EAC000032A099001D0072A05DB0346FA
:100A60004146204600F040FA0BE12078800601D58F
:100A7000E06900E00620B8F1650F814606D0B8F1C4
:100A8000660F18D0B8F1670F70D131E00020B9F1CE
:100A9000110F009001DB112301E009F101030AAA03
:100AA00001A90CA8FFF7E2FEDDE90C70002609F1B0
:100AB0000105834647E001204B4600904FF0004778
:100AC0000AAA01A90CA8FFF7D1FEDDE90DB00C9927
:100AD0005D46002610B909F101000D18B9EB0500BB
:100AE00003D4C0F1FF3609F10105A5EB09002BE0A5
:100AF000B9F1010F01DA4FF001090020B9F1110F2E
:100B00000090484601DD112300E003460AAA01A92E
:100B10000CA8FFF7ABFEDDE90C704D4600268346BE
:100B2000207800070AD4AB4500DA5D4601A8012D04
:100B300004DD411911F8011C302907D04F4502DAB4
:100B400017F1040F04DA012082460FE06D1EEEE774
:100B5000002F02DCED1B3E4403E0781CA84200DDC0
:100B60007D1CB81B00F1010A4FF0004720780007F8
:100B700003D4AA4501DB4FF0FF3A0021B7F1004F43
:100B80000DF143088DF8431024D002202B23002FB1
:100B900001DA7F422D230A21021EA0F1010000DCB0
:100BA0005FB197FBF1FC97FBF1F201FB1C7C174650
:100BB0000CF1300C08F801CDEEE7A8F1010003704C
:100BC0002188090501D5452100E06521A0F1010832
:100BD00000F8011C09980FA9A1EB0807FF1D00B13F
:100BE0000120411901EBEA70A1693844081A401E3E
:100BF000A0612078C00602D42046AFF30080099897
:100C000028B1D4E901219047206A401C2062207855
:100C1000C00622D52046AFF300801EE0002E04DB84
:100C2000B34502DD01A8805D00E03020D4E9012158
:100C30009047206A401C2062761CAAF101005FEAFE
:100C4000000A0AD100F0FEF8C0680168405CD4E9EF
:100C500001219047206A401C2062281EA5F1010551
:100C6000DCDC07E0D4E9012118F8010B9047206A89
:100C7000401C2062381EA7F10107F3DC2046AFF3C9
:100C80000080032011B041E601694A1C0261087826
:100C9000704700B58FB0CDE90131002105910549BC
:100CA0007944CDE9031011466846FFF707FC0FB001
:100CB00000BD0000E5FFFFFF0A6802F8010B0A60B3
:100CC0007047D1E900239A4202D2531C0B60107086
:100CD000704700000FB4002300B589B00CA9009143
:100CE0000B99CB60214B7B440693214B7B440793AC
:100CF00004236FF00042CDE901321E4A7A446B466C
:100D00000892024600200AF06DF809B05DF814FB65
:100D100070B506464FF0FF3015460C46324686B099
:100D20000091CDE9010169460020049004A8FFF775
:100D3000D1FF02460498211825B108B1084600E009
:100D400020462860049800280DD0002A02DD009873
:100D5000884208D03246081B69460094CDE9010458
:100D600004A8FFF7B7FF06B070BD00007F020000C7
:100D700097020000D70100002DE9F04791460F4689
:100D800080460446002614F8015B2DB100F052F8AD
:100D90000068405DC007F6D12B2D02D02D2D18D054
:100DA000641E4A463946204600F0FEF827B13968ED
:100DB000A14201D1C7F800804FF0020471050BD5A4
:100DC0004042002803DDFFF741FD0460A007BDE8B5
:100DD000F08746F48066E4E70028F8DAFFF736FD8E
:100DE00004606FF00040F2E74FF000020429C0F009
:100DF000128010F0030C3FF4D5ACCCF1040CBCF124
:100E0000020F18BF00F8012BA8BF20F8022BA1EB9E
:100E10000C01FFF7C7BC5FEAC17C24BF00F8012BBF
:100E200000F8012B48BF00F8012B704700487047BD
:100E3000DCD3002010B500F005F8001D10BD00BF88
:100E4000D599000000487047FCD3002030B5B0F1C0
:100E50000A024FEA900E71F100034EEA817EB0EB78
:100E60000E0061EB91014FEA101E4EEA017E10EB7D
:100E70000E0041EB11114FEA102E4EEA016E10EBFD
:100E80000E0041EB11214FEA104E4EEA014E10EBDD
:100E90000E0041EB1141401841F100014FEAD00032
:100EA00040EA41704FEAD10110EB80054FEA81041E
:100EB00044EA907444EB01046D1944EB0404521BA2
:100EC000A3414FF0000348BF0A3200D530BD401C9B
:100ED00041F1000130BD10B50446FFF7ABFF0068DB
:100EE000005D00F0010010BD2DE9F0411F460446F1
:100EF00003260168072A01F4006004DB08B116A587
:100F000005E016A503E008B115A500E015A521F040
:100F100010002060A069C01EA0610FB1401EA0613A
:100F20002046AFF300804FB1D4E901213846904705
:100F3000206A401C2062C01C206206E0206AFAE79A
:100F4000D4E9012115F8010B9047761EF8D220460E
:100F5000AFF30080BDE8F0814E414E006E616E003F
:100F6000494E4600696E6600426842B1016811F858
:100F7000013B23B1521EC0E90012184670470121FF
:100F8000C160881E704742685AB1C368016843B99E
:100F900083688B4205D0491E521CC0E90012002014
:100FA00070474FF0FF3070472DE9F05F82461546DD
:100FB0008B4600270AF10104B9460078302801D099
:100FC0009DB113E014F8010B0127782803D05828AD
:100FD00001D045B10AE00DB1102D07D1002714F85A
:100FE000010B102502E0082500E00A250026B04686
:100FF0000EE005FB080005FB06F101271FFA80F84B
:1010000001EB1046B6F5803F00D3B94614F8010B4A
:10101000294600F0B0F80028EBDABBF1000F05D04C
:101020000FB1641E00E05446CBF80040B9F1000F48
:1010300006D0FFF70BFC02210160C81EBDE8F09F3F
:1010400048EA0640FAE700002DE9F04781461646D7
:101050008AB0354878440DC88DE80D003248784490
:10106000801C03AC0DC884E80D0041F69B30084499
:10107000372190FBF1F290FBF1F5A5F1800501FB22
:1010800012041B3C02D56442012000E00020DFF87E
:1010900098A080460027FA44AAF1BE0A0EE0E007B5
:1010A0000AD03246684607EB470101230AEB81016B
:1010B00001F062F88DE8070064107F1C002CEED16F
:1010C000194F7F44AE3F19E0E80715D007EB041035
:1010D0000DF1180A90E80E008AE80E00C068F04290
:1010E00001D1981908903246012306A903A801F0FE
:1010F00043F803AB83E807006D10641C002DE3D1B7
:101100004FF0010332466946B8F1000F03A802D040
:1011100001F008F801E001F02FF8C9E90001C9F871
:1011200008200AB0BDE8F08780A000007546FFF7F0
:101130007DFEAE4605006946534620F00700854611
:1011400018B020B5FFF7F0F8BDE820404FF00006DA
:101150004FF000074FF000084FF0000B21F007019F
:10116000AC46ACE8C009ACE8C009ACE8C009ACE8E2
:10117000C0098D4670473A2800D2303820F020024E
:10118000412A01D3A2F13700884201D34FF0FF304A
:10119000704700002DE9FF4F06468BB00878FF2806
:1011A00006D0491C2D2805D000244FF0000908E086
:1011B00000200CE00124F8E709EB8903491C00EB4F
:1011C00043090878FF28F7D114B1C9F1000081461E
:1011D000107800252C46AA4629462D2801D02B2818
:1011E00004D1521C2D2813D0002082468B46107843
:1011F000FF280FD04FF0000C0A21521CA5FB0178EC
:1012000004FB018105FB0C11C5194BEB0104EEE752
:101210000120EAE7002108464FF00000BAF1000F74
:1012200002D000EB80004008C0F38157012F01DDA0
:101230004FF0FF370E9955EA040009EB01080BD077
:101240004FF0020918F5FA7F16DA4FEACA70002F3C
:10125000706008DD012007E04FEACA70C6E900B0FF
:101260000FB0BDE8F08F00203060FFF7EFFAC0F854
:1012700000901821084616E0B8F5FA7F18DD002F17
:1012800002DAF748784401E0F6487844D0E90010E3
:10129000C6E9001040EACA707060FFF7D7FAC0F8DC
:1012A0000090142108460FB0BDE8F04F09F035BD9D
:1012B000002108464FF00000B8F10001099002DA61
:1012C000C7F1000200E03A4601DAC8F1000106A8C1
:1012D000FFF7BAFE06AB93E8070003AB83E807000D
:1012E00044F23E005BEA04010090584604D144F207
:1012F0001E012C465D460091210C0904014306D1D4
:101300000099240444EA15442D041039009104F096
:101310007F41014306D10099240244EA15642D025D
:101320000839009104F07041014306D1009924016D
:1013300044EA15742D01091F009104F04041014356
:1013400006D10099A40044EA9574AD00891E00916D
:1013500004F00041084304D100986D196441401E17
:1013600000904FF001033A466846B8F1000FCDE90E
:10137000014503A902DD00F014FF01E000F0E7FEE3
:10138000BAF1000F04460D4601D084F0004400215C
:1013900008464FF00000099940F2FF77484010F0EE
:1013A0000C0F07D124F00040284303D0C4F30A50A7
:1013B000B84212D1FFF74AFAC0F80090C4F30A50BD
:1013C000B8420AD1A8487844D0E90010C6E9001014
:1013D00004F000410843706042E7C6E900543FE76B
:1013E0002DE9FF4F1F464FF0000A4FF0FF384546EA
:1013F00091B0D7E90146CDF83CA0FFF723FDC068C6
:101400000168405C1090B96912986D1C8847396A70
:10141000814688470028F6D1B9F1FF3F0AD0002E57
:1014200024F4D06411DDB9F12B0F08D0B9F12D0FE0
:101430000BD102E0404615B013E744F48064B9696B
:1014400012986D1C8847761E8146600504A901D557
:101450002D2000E02B20002E01F1010B0DF13008B2
:101460008DF810003FDDB9F1690F08D0B9F1490FCF
:1014700005D0B9F16E0F02D0B9F14E0F1CD13B4629
:1014800001A8009580E85002DDE912126FF0020019
:1014900009F0ACFCC11CCED10EE0B96912986D1CEC
:1014A000884781461398761E44F4007405600F98AF
:1014B000401C002E0F9016DDB9F1300FEDD0B9F1C0
:1014C000780F02D0B9F1580F0DD10F9801280AD129
:1014D0003B46CDE90054DDE91212001F029609F0E7
:1014E00083FCC11CA7D1109989453ED144F08004EA
:1014F00006E01399681CAAF1010A44F4007408601C
:10150000B9696D1C1298761E884730288146F0D044
:101510002BE01099894505D1200603D4761E44F0AE
:10152000800418E0484607F07AF808B3761E0DF1FB
:1015300023018B4544F4007408D2A9F130000BF864
:10154000010B200607D5AAF1010003E0200602D412
:101550000AF101008246A00502D51399681C0860B3
:10156000B96912986D1C88478146002ED1DC53E082
:10157000002E51DDB9F1650F02D0B9F1450F4BD105
:10158000A00549D5B9696D1C1298761E24F44074E3
:101590008847002E81460CDD2B2804D0B9F12D0F91
:1015A00007D144F48074B96912986D1C8847761E7F
:1015B0008146E00501D52D2100E02B2108F8011B13
:1015C000CDF8008021E0761E0DF13901884544F404
:1015D00000740CD2A9F1300010F0FF0088F8000070
:1015E00002D10099884509D908F1010806E0E00513
:1015F00001D51E4801E042F20F708246B969129887
:101600006D1C8847814613980560002E04DD48460E
:1016100007F005F80028D6D1F96912988847FF200D
:1016200053468BF8000088F8000000200A900B90C9
:1016300004AA0CA90AA8FFF7ADFDA00502D46FF01B
:101640000100F8E614F0240F12D0E0071CD138682E
:10165000DDE90A12031D3B600068C0E9001213E0D7
:10166000D49F0000C69F00008A9E0000F1D8FFFFB3
:101670000AA9684606F0C0FFE00705D13868009A5D
:10168000011D3960006802602846D4E610B50446A2
:10169000AFF300802046BDE81040FEF7D1BD00004A
:1016A0004FF0013C50F8042B51F8043B9A4221D1F1
:1016B000A2EB0C03934313EACC1317D150F8042B7D
:1016C00051F8043B9A4215D1A2EB0C03934313EA61
:1016D000CC130BD150F8042B51F8043B9A4209D19A
:1016E000A2EB0C03934313EACC13DBD04FF00000C2
:1016F000704700BFD01A01BAB1FA81F101F01801A8
:1017000022FA01F0CB40C1F12001DBB2C0B2C01A15
:101710002CFA01F3D11A914311EAC311E6D17047B3
:1017200001491820ABBEFEE7260002002DE9FF4F5D
:101730001F464FF03C0987B04FF00042DDE914101E
:1017400001F10108DDF858A002EA405003900020A2
:1017500005908346054604460490B969461E0898DC
:101760008847AAF1010A0290BAF1000F3BDD029806
:101770002E2815D01021FFF7FEFC00282EDB4FF09D
:10178000010B0599014317D0B9F1000F0BDB4A4655
:10179000C11700F0F6F905430C43A9F1040905E06F
:1017A000012004900BE008B145F0010501200590EF
:1017B000049820B9361D02E0049800B1361FB969BB
:1017C000089808F101088847BBF1000FAAF1010A47
:1017D0000290C9D00999C1F80080C5E70298702825
:1017E00008D0502806D0F96908988847BBF1000F47
:1017F00014D04FE0002002900120BBF1000F0490B4
:1018000009D0B969089808F101088847AAF10109C7
:10181000B9F1000F07DCF969089888476FF00100FB
:101820000BB0BDE8F08F2B2804D02D280CD14FF041
:10183000FF300490B969089808F101088847A9F1B8
:101840000109B9F1000FE6DD411CE4D00A21FFF7E0
:1018500092FC0028DFDB029908F1010801EB81010D
:1018600000EB41000290B969089888470A21FFF708
:1018700082FC099AA9F10109B9F1000FC2F80080B0
:1018800001DD0028E7DAF969089888470499029889
:1018900000FB016655EA040004D004F04041090051
:1018A00002D006E0039898E0A40044EA9574AD00E5
:1018B000B61E04F00041080002D16D196441761E85
:1018C000159810F0240F03D04FF00B095C4803E08B
:1018D0004FF028096FF07D008246564507DAAAEBE3
:1018E00006018944B9F1410F01DD4FF041090120A2
:1018F0000021A9F1010200F044F9024628400B46FC
:101900002140084301D0012100E00021501E029136
:1019100043F1FF3128402140084301D0012000E07D
:1019200000200299834651EA0B014FD0002108465E
:101930004FF00000039900F4400039B100EB800043
:101940004FF4400100EBD07001EA600080150128DF
:1019500002DD4FF0FF3000E013D0401C36D002987B
:1019600060B3BBF1000F0CD14A460120002100F00A
:1019700008F928402140084301D0012000E0002060
:10198000E0B101204A46002100F0FBF8034640196F
:101990000A4661412D1A8C4111D3B9F1400F09DD7E
:1019A000159810F0240F02D0AAF1340603E0AAF132
:1019B000170600E0761C00254FF0004406E05B1E91
:1019C00042F1FF3220EA030521EA0204CAF10100D4
:1019D000B04206DA1B4903980843019000200090AA
:1019E0000EE0039AC4F3D321E80A0A43164940EAF9
:1019F00044500A433146CDE90002684606F005FE30
:101A0000159810F0240F0BD01598C00715D1386821
:101A1000DDE90012031D3B600068C0E900120CE024
:101A200002A8694606F0E8FD1598C00705D1386898
:101A3000029A011D3960006802604046F0E600002D
:101A400002FCFFFF0000F07F0000F03F2DE9FF4F98
:101A500092461D4685B04FF00041DDE9124BDDE9AD
:101A600014727F1E01EA4B50414940F0FF4940EAA1
:101A70000108002122F020004928049102D04E28BC
:101A800028D04CE03BA0012607C88DE80700A969D3
:101A90000698641C88477F1E014606D41DF8060080
:101AA00018B121F0200181420BD0E96906988847DE
:101AB000032E34D0082E32D06FF0010009B0BDE8FB
:101AC000F08F761C032E01D0082EE0D1601CCAF8DE
:101AD0000000DCE7A9690698641C88477F1E2AD4A9
:101AE00020F02000412826D1A9690698641C884767
:101AF0007F1E20D420F020004E281CD1A969069812
:101B0000641C88477F1E48F4002849F48009CAF8FD
:101B1000004001D4282806D0E969069888475FEA82
:101B2000CB7012D022E0A9690698641C88477F1EFA
:101B300001D4002803DAE96906988847BCE7292818
:101B4000F1D1641CCAF80040E9E71BF0240F07D06C
:101B500028680499031D2B600068C0E9001805E09F
:101B60002868021D2A600068C0F800902046A5E79A
:101B70000000F07F494E46494E495459000000008C
:101B80007047B2F120030AD5C2F1200301FA02F135
:101B900020FA03F300FA02F041EA0301704700FA69
:101BA00003F14FF0000070475FEA400C08BF91F06E
:101BB000000F4FEA8C234FEAC12243EA51514FEA0A
:101BC0001C5018BF00F5F0404FEA300018BF41F03C
:101BD00000415FEA6C5C00F02980BCF1FF3F08BF68
:101BE00040F080407047130C06BF12044FF0100CF9
:101BF0004FF0000C130E04BF12020CF1080C130F6F
:101C000004BF12010CF1040C930F04BF92000CF1FD
:101C1000020CD30F04BF52000CF1010C11464FF01F
:101C20000002A0F11F00A0EB0C00704711F0004F64
:101C300008BF704731F000413FF4D5AF0B0C06BF31
:101C400009044FF0100C4FF0000C0B0E04BF0902FA
:101C50000CF1080C0B0F04BF09010CF1040C8B0FE5
:101C600004BF89000CF1020CCB0F04BF49000CF13A
:101C7000010CCCF12003A0EB0C0022FA03F302FAD2
:101C80000CF241EA030100F10100704720F07F4CA3
:101C900080EA030023F07F47ACEB070303F57C5396
:101CA00000F0004003F1FF032DE980494FEA154B96
:101CB00009B44FEA144325EA0B4E24EA03480FF215
:101CC000042606EB132749083E785FEA320203FB3D
:101CD0000667C7F5000707FB06F64FEA54374FEAD9
:101CE000D64606F1020607FB066CCCF1005C4FEA13
:101CF0001C472CEA074C07FB06F40CFB06F504EB2B
:101D000015464FEA961634BF00204FF000404FEAC8
:101D1000D13706FB07FC4FEA1C4C0CFB0BF7D21B20
:101D200003FB0CF761EB07010CFB0EF7B0EB074070
:101D300072EB17420CFB08F734BFA2EB0742B2EB81
:101D4000074261EB17414FEA0C444FEA910706FB4B
:101D500007FC4FEA1C4C0CFB0BF7B0EBC74072EBD7
:101D6000573203FB0CF734BFA2EBC742B2EBC742BA
:101D700061EB57310CFB0EF7B0EBC70072EB5772FB
:101D80000CFB08F734BFA2EBC702B2EBC70261EB52
:101D90005771039F4FEA816141EA921104EBCC0431
:101DA0004FEAD1374FEA826206FB07FC42EA901203
:101DB0004FEA80604FEA1C4C0CFB0BF7D21B03FB75
:101DC0000CF761EB07010CFB0EF7B0EB074072EB71
:101DD00017420CFB08F734BFA2EB0742B2EB0742F5
:101DE00061EB17414FEA8C554FEA910704EB9C24B5
:101DF00006FB07FC4FEA1C4C0CFB0BF7B0EBC74093
:101E000072EB573203FB0CF734BFA2EBC742B2EBC5
:101E1000C74261EB57310CFB0EF7B0EBC70072EB1A
:101E200057720CFB08F734BFA2EBC702B2EBC70234
:101E300061EB577115EB4C254FEA816141EA921134
:101E40004FEA82624FEAD13742EA901206FB07FC62
:101E500044F100044FEA80604FEA1C4C0CFB0BF786
:101E6000D21B03FB0CF761EB07010CFB0EF7B0EB89
:101E7000074072EB17420CFB08F734BFA2EB074296
:101E8000B2EB074261EB174115EB1C154FEA8131AC
:101E900041EA92414FEA823242EA90424FEA803070
:101EA0004FEA0C7644F1000448EA03434EEA0B483B
:101EB0004FF0000EB2EB080C71EB030724BF624633
:101EC00039464EEB0E0E4FF0000B001852414941BF
:101ED0004BEB0B0BB2EB080C71EB03077BF1000B28
:101EE00024BF624639464EEB0E0E4FF0000B001831
:101EF000524149414BEB0B0BB2EB080C71EB030762
:101F00007BF1000B24BF624639464EEB0E0E51EAC0
:101F1000020718BF46F0010616EB0E7655F10002D7
:101F200054F1000103D5BDE88901BDE80088BDE892
:101F30008901BDE80048B619524141EB0101A3F106
:101F40000103704780807F7E7D7C7B7A797877760D
:101F500076757473727171706F6E6E6D6C6C6B6A86
:101F60006A69686867666665646463636261616024
:101F7000605F5F5E5E5D5D5C5C5B5B5A5A595958A1
:101F8000585757565655555554545353525252510B
:101F9000515050504F4F4F4E4E4D4D4D4C4C4C4B61
:101FA0004B4B4A4A4A4949494848484747474746A8
:101FB00046464545454444444443434343424242E4
:101FC0004241414146EA0646A3F570534FEA1646A0
:101FD00046EA42564FEAD22242EA415210B54FEA4F
:101FE000D121A3F1010300F02FF820F0004000F10F
:101FF000020C00F0004701EB00501146BCF5006FE9
:1020000040EA070000D210BDBAF1000F0AD01CB59B
:1020100003B44FF004004FF004014FF000000FBC78
:10202000BDE810404FF00001BBF1010FB9BF0448FB
:102030004FF0FF310348002140EA070010BD00BF08
:10204000FFFFEF7F0000F07F002B9C4630D477002D
:102050002BD01CB54FEA370703B44FF010004FF0F8
:102060001001BAF1000F06D0BCF1000FDCBF40F048
:10207000080040F008014FF000000FBCBDE8104020
:102080000BF1010BBBF1010F08BF5FEA170722BF7D
:1020900012F1010211F101014FF0004143F100037F
:1020A00000F0004043EA00007047F9D35708D0E73A
:1020B00046EA064613F1400F4FEA16461FDD13F1BC
:1020C000200FDFBF16430A46002120335B42BED0FB
:1020D000C3F1200746EA064602FA07F74FEA16461A
:1020E00046EA0706C3F1200722FA03F201FA07F7CE
:1020F00021FA03F14FF0000342EA0702A7E746EA9C
:10210000020646EA06464FEA164646EA0106BCBF04
:1021100046EA0646360C4FF000034FF000024FF03F
:10212000000194E72DE9804C9A46934670B491E8FB
:10213000380007C831EA400C48BF34EA430C03D5E5
:10214000FFF7A4FDFFF780FFF0BCBDE8008C2DE990
:10215000804C9A46934670B491E8380007C831EA3B
:10216000400C48BF34EA430C03D5FFF78FFDFFF75F
:1021700029FFF0BCBDE8008C2DE9804C9A469346BF
:1021800070B491E8380007C810F0804F08BF13F012
:10219000804F03D100F01AF8FFF756FFF0BCBDE8FE
:1021A000008C2DE9804C9A46934670B491E8380033
:1021B00007C810F0804F08BF13F0804F03D100F024
:1021C00005F8FFF7FFFEF0BCBDE8008C20F07F476C
:1021D00080EA030023F07F4C07EB0C03A3F57C534C
:1021E00000F00040A3F1FE0392F0000F00F0B38076
:1021F00095F0000F00F077802DE901494FEA11407A
:102200004FEA144621EA004800FB06FC24EA064790
:1022100008FB06F607FB08F800FB07F718EB064873
:102220004CEB164C4FEA124B18EB07484FEA154699
:102230004CEB174022EA0B4E0BFB06FC25EA064747
:102240000EFB06F607FB0EFE0BFB07F71EEB064E1A
:102250004CEB164C4FF000061EEB074E4CEB174BA9
:1022600018EB0B0840F1000018EB0E0B58EB0008C0
:1022700040F100008F1A4FF000013CBFC943661BBC
:1022800014BFB5EB040C00213CBFC943F61B4FEA59
:1022900017444EEA8E0E27EA04454FEA1C4704FB1A
:1022A00007622CEA074C05FB07F70CFB05F604FB5D
:1022B0000CFC16EB074642EB174216EB0C4642EBC2
:1022C0001C421BEB060658EB0202414146EA9E0601
:1022D00001D5BDE80189B619524141EB0101A3F1D5
:1022E0000103BDE801894FEA14454FEA114724EA8A
:1022F000054621EA074C05FB07F406FB07F70CFB34
:1023000006F105FB0CFC11EB074144EB17444FEAC7
:10231000124711EB0C4144EB1C4422EA074C05FB2D
:1023200007F206FB07F70CFB06F605FB0CFC16EBA9
:10233000074642EB174216EB0C4642EB1C456A1867
:1023400054F1000148BF7047B619524141EB0101F9
:10235000A3F10103704795F0000F37D04FEA114207
:102360004FEA144721EA024624EA074C02FB07F130
:1023700006FB07F70CFB06F402FB0CFC14EB07440E
:1023800041EB17414FEA154714EB0C4441EB1C415C
:1023900025EA074C02FB07F506FB07F70CFB06F6E0
:1023A00002FB0CFC16EB074645EB174516EB0C46FB
:1023B00045EB1C42121951F1000148BF7047B61994
:1023C000524141EB0101A3F1010370474FEA14456B
:1023D0004FEA114724EA054621EA074C05FB07F1BD
:1023E00006FB07F70CFB06F24FF0000605FB0CFCA2
:1023F00012EB074241EB174112EB0C4251EB1C412F
:1024000048BF7047921841EB0101A3F101037047E7
:1024100010B504464B48416821F4403141604168A1
:102420006268114341602068416821F48071416015
:1024300020684168226941EA0221416020684168C0
:1024400021F04071416020684168A26811434160F9
:102450002068816821F40061816020688168E268F9
:1024600011438160A06A6FF07061C8422068816882
:1024700021F070618160206881680CD0A26A1143EC
:1024800081602068816821F0405181602068816806
:10249000E26A114301E021F04051816020688168C7
:1024A00021F00201816020688168227E41EA4201B8
:1024B000816094F8200000283FD0606A401E072801
:1024C00004D940F2A67120A006F0B0F82068416857
:1024D00041F4006141602068416821F4604141603D
:1024E00020684168264B626A03EB42321143416027
:1024F0002068C16A21F47001C1622068C16AA28BA0
:10250000204B03EB02521143C1622068816821F421
:10251000007181602068816894F8302041EA42218E
:1025200081602068816821F4806181602068816811
:10253000626941EA8221816010BD2068416821F40E
:102540000061D4E7002301402E2E2F447269766586
:1025500072732F53544D3332463478785F48414C70
:102560005F4472697665722F5372632F73746D3393
:1025700032663478785F68616C5F6164632E6300F3
:1025800000E0FFFF0000F0FF88B004F04BFB04F018
:10259000B3FC07A9684604F0B1FCFAE72DED028B05
:1025A0009AB000F077FA05F09FF8404F404E9FED4B
:1025B000418A414C414D00231A4619A9386806F05A
:1025C000ABF928B99DF8640010B900F0DFFA30705B
:1025D00000F0B6FA02A800F057FA9DF808008DF84E
:1025E00044009DF809008DF845009DF80A008DF81B
:1025F00046009DED030AB8EEC00A20EE080ABDEEC3
:10260000C00A8DED120A9DED040AB8EEC00A20EE54
:10261000080ABDEEC00A8DED130A9DED050A8DED89
:10262000140A9DED060A8DED150A9DED070A8DED44
:10263000160A9DED080A8DED170A30788DF86000B6
:10264000206806F09BF928B900231A4601A92068E2
:1026500006F062F900231A4611A9206806F0D0F9A5
:1026600005F05CF80CA805F039F89DED0E0A8DED2B
:10267000090A9DED0F0A8DED0A0A9DED100A8DEDF8
:102680000B0A286806F07AF928B900231A4606A929
:10269000286806F041F900231A4609A9286806F0BF
:1026A000AFF9142006F08AF885E70000400000101A
:1026B000000000108096184B340000103C00001001
:1026C000FEE7000090ED000AD1ED000A264B30EE47
:1026D000600AB0EEC00A10EE102A9A4240DC90ED7B
:1026E000010AD1ED010A214B30EE600AB0EEC00ABA
:1026F00010EE102A9A4233DC90ED020AD1ED020A64
:102700001B4B30EE600AB0EEC00A10EE102A9A425F
:1027100026DC90ED030AD1ED030A164B30EE600A79
:10272000B0EEC00A10EE102A9A4219DC90ED040AAD
:10273000D1ED040A104B30EE600AB0EEC00A10EE84
:10274000102A9A420CDC90ED050AD1ED050A0B49DE
:1027500030EE600AB0EEC00A10EE100A884201DDC9
:102760000120704700207047F2D2CD3D82E2C73C85
:1027700010E9B73D23DBF93FCFF72340045666400D
:10278000014800F09FBC000094050020014800F0C3
:1027900099BC000088020010014800F093BC0000C2
:1027A000E8020010014800F08DBC0000F405002094
:1027B000014800F087BC000054060020014800F0EA
:1027C00081BC0000D803001001681823CAB2103A77
:1027D000B2FBF3F2054B6FF30901032A9B5CC3655F
:1027E00000D9091D81650846704700003CB000080B
:1027F00010B5014600208B698A6A4FF0C07453B14E
:10280000B3F5005F15D072B1012A0CD0022A0AD0AC
:10281000032A09D104E01AB1012A06D0022A03D101
:10282000C96AC90100D5012010BDC96AA142FAD008
:1028300010BD002AF7D0012AF2D0022AF3D0032AD1
:10284000F3D010BD30B50468256825F480252560D7
:10285000046863608368402B036803D09960006854
:10286000C26030BD9A600068C16030BD0748016831
:1028700041F080710160064800214160016841F02B
:10288000010101600349012008707047FCED00E080
:10289000001000E00000002070B5144C144D2DED28
:1028A000028B20789FED138AD8B1686861686060F8
:1028B000411A00EE101A10481049F8EE400A90ED47
:1028C000000AB8EE401A80EE810A10EE100A0844A1
:1028D0000B49884202D300BFB0EE480ABDEC028B20
:1028E00070BDFFF7C3FF68686060F5E70000002077
:1028F000001000E00AD7A33A5800001091ED7CC503
:1029000038894100704700002DE9F04F0C463649E8
:102910000546CDB00868401C0860400760D195EDC1
:10292000020AD4ED020A30EE600A10EE100A08F036
:1029300079F9CDE9020195ED010AD4ED010A30EEF5
:10294000600A10EE100A08F06DF9CDE9000195ED6E
:10295000000AD4ED000A30EE600A10EE100A08F00A
:1029600061F995ED050AD4ED050A06460F4630EEED
:10297000600A10EE100A08F055F995ED040AD4ED3E
:10298000040A82468B4630EE600A10EE100A08F008
:1029900049F995ED030AD4ED030A8046894630EEE5
:1029A000600A10EE100A08F03DF9DDE90234CDE9C5
:1029B0000A34DDE900340A468DE8050FCDE9083414
:1029C0000AA24FF480710CA8CDE90667FDF75AFD05
:1029D000002805DD82B20A230CA9144803F098FEF2
:1029E0004DB0BDE8F08F000014000020645F6778F0
:1029F0003D252E336620645F67793D252E336620A2
:102A0000645F677A3D252E336620645F61783D25DB
:102A10002E346620645F61793D252E346620645F24
:102A2000617A3D252E34660D0A0000005005002015
:102A30004FF4004000F008BE102000F005BE72B652
:102A4000FEE70022AFF3008030B50E4B05460120B3
:102A50005C7A002C14D1587A1C54587A03EB80000D
:102A600045605D7A03F108002A54587A421C5A7274
:102A7000303008703A2048702F208870CC700020C9
:102A800030BD0000FC0600201C220149FDF74EBEAF
:102A90003C02002010B54FF480720649064803F04E
:102AA00036FB0548806B0068016821F00801016071
:102AB00010BD00003C000020C804002030B5ADB0BF
:102AC00001465F2214A8FDF792FE002314A81424E7
:102AD0008DF8AF306D46012100900CE02A2A02D01B
:102AE0002C2A02D006E0037009E00370421C45F86E
:102AF0002120491C401C02780AB1A142EEDB0CB235
:102B000006220BA10098FDF781FD60B106220AA103
:102B10000098FDF77BFD002803D12146684606F0AA
:102B200051F82DB030BD2146684606F01FF8F8E791
:102B300024474E474741000024474E524D43000072
:102B40002DE9F0410F480178002918D0418800266E
:102B500006700D48451810E02A1A2421FDF74CFD97
:102B600007000CD0EA1B0A21FDF746FD040006D041
:102B700026703846FFF7A2FF601CA842ECD3BDE8E0
:102B8000F0810000100000203C010020094801787D
:102B900071B1417804290BD390ED030A00F11C01B7
:102BA00081ED020A42680A6080684860012070472F
:102BB000002070473C020020F8B50026054600962C
:102BC00008680C46122804D940F289615DA005F01E
:102BD0002DFD6068401E0F2804D940F28A6159A07B
:102BE00005F024FDA06890B1012810D002280ED075
:102BF00003280CD004280AD0052808D0062806D0BF
:102C0000072804D040F28B614EA005F00FFD95F827
:102C10003C00012819D0012085F83C0020680721DC
:102C20002A68092813D9D3680A3800EB400081408C
:102C30008B43D3602178A0680A3901EB41018840B9
:102C40002968CA681043C86010E00220F8BD136903
:102C500000EB400081408B4313612178A06801EBB9
:102C60004101884029680A691043086160681F2192
:102C7000072813D22A68536B401E00EB8000814066
:102C80008B43536321792088491E80B201EB810177
:102C9000884029684A6B1043486327E02A680D285A
:102CA00012D2136BC01F00EB800081408B43136373
:102CB00021792088C91F80B201EB810188402968F1
:102CC0000A6B1043086311E0D36A0D3800EB8000F3
:102CD00081408B43D362217920880D3980B201EB8A
:102CE000810188402968CA6A1043C86224492A6859
:102CF00022488A4206D12268122A03D1426842F44D
:102D0000800242602A688A4218D12168102901D0C5
:102D1000112913D1416841F4000141602068102855
:102D20000CD1184818490068B0FBF1F000EB8000A6
:102D3000400000E0401E00900028FBD185F83C6078
:102D40000020F8BD2E2E2F447269766572732F53C2
:102D5000544D3332463478785F48414C5F44726951
:102D60007665722F5372632F73746D3332663478C5
:102D7000785F68616C5F6164632E630000230140CB
:102D8000002001405800001040420F002DE9F0479C
:102D900004004FF000057DD07249206888420AD0B7
:102DA0007149884207D07149884204D040F24311EA
:102DB0006FA005F03BFC606868B1B0F5803F0AD0B9
:102DC000B0F5003F07D0B0F5403F04D04FF4A271FA
:102DD00067A005F02BFCA0684FF080774FF00078DB
:102DE0004FF0407950B1B84208D0404506D0484530
:102DF00004D040F245115EA005F018FC206930B106
:102E0000012804D04FF4A37159A005F00FFC207ED7
:102E100030B1012804D040F2471155A005F006FC5E
:102E2000614EA06A80B3B8422ED040452CD04845B0
:102E30002AD0B0F1806F27D0B0F1A06F24D0B0F1CC
:102E4000C06F21D0B0F1E06F1ED0B0F1006F1BD089
:102E5000B0F1106F18D0B0F1206F15D0B0F1306F15
:102E600012D0B0F1406F0FD0B0F1506F0CD0B0F174
:102E7000606F09D0B0F1706F06D0B04204D04FF44B
:102E8000A4713BA005F0D2FBE06848B1B0F5006F3B
:102E900006D000E043E040F2491135A005F0C6FB42
:102EA000E069401E0F2804D94FF4A57130A005F049
:102EB000BDFB94F8300030B1012804D040F24B1132
:102EC0002BA005F0B3FB6069012807D030B10228C0
:102ED00004D04FF4A67126A005F0A8FB94F82000BA
:102EE00030B1012804D040F24D1121A005F09EFB25
:102EF000A06AB0420FD0E06A68B1B0F1805F0AD03A
:102F0000B0F1005F07D0B0F1405F04D040F2511142
:102F100017A005F08BFB206C002618B108E00120FB
:102F2000BDE8F087204600F041F8666484F83C6014
:102F3000206CC00610D4206C20F4885040F00200B1
:102F400020642046FFF764FA6664206C20F00200DB
:102F500040F00100206400E0012584F83C60284630
:102F6000DEE7000000200140002101400022014076
:102F70002E2E2F447269766572732F53544D33325F
:102F8000463478785F48414C5F4472697665722FA9
:102F90005372632F73746D3332663478785F68616F
:102FA0006C5F6164632E63000100000F10B586B092
:102FB000044614216846FDF7F3FB11492068884256
:102FC0001BD110480021026842F480720260006840
:102FD00000F4807005900B481438026842F0040237
:102FE0000260006800F00400059003200090CDE925
:102FF00001016946044800F033FB06B010BD000033
:103000000020014044380240000802402DE9F04110
:103010000446876D00F0D4FC064694F83500002580
:10302000022806D08020606584F834500120BDE875
:10303000F0812068016821F0160101602068416973
:1030400021F080014161206C08B9A06C20B120689A
:10305000016821F0080101602068016821F0010188
:1030600001600CE000F0ACFC801B052807D9202093
:103070006065032084F8350084F83450D7E7206871
:103080000068C007EED194F85C103F208840B8601B
:10309000012084F8350084F834500020C7E790F808
:1030A0003510022903D08021416501207047052198
:1030B00080F835100068016821F0010101600020EE
:1030C000704700002DE9F84304464FF00009CDF8A1
:1030D000009063484FF41651A56D0068B0FBF1F7FE
:1030E0002E6894F85C10082000FA01F131420FD0EC
:1030F00021680A6852070BD50A6822F004020A60A8
:1031000094F85C108840A860606D40F00100606534
:1031100094F85C104FF0010808FA01F0304208D032
:1031200021684969090604D5A860606D40F0020075
:10313000606594F85C1004208840304208D0216813
:103140000968890704D5A860606D40F004006065D7
:1031500094F85C1010208840304218D0216809682B
:10316000090714D5A86020680168490304D50068E0
:10317000000308D5A16C07E00168C90503D4016804
:1031800021F008010160216C09B12046884794F8BC
:103190005C1020208840304231D021680968C9067F
:1031A0002DD5A86094F8350005282068016806D060
:1031B000490347D5006800031DD4616C1CE021F071
:1031C000160101602068416921F080014161206C95
:1031D00008B9A06C20B12068016821F008010160E5
:1031E00094F85C103F208840A86084F8358084F80B
:1031F0003490216D1FE0E16B09B120468847606D76
:1032000000282BD0606DC00714D0052084F835004D
:103210002068016821F0010101600098401C0090C5
:10322000B84203D820680068C007F6D184F835801A
:1032300084F83490E16C002910D001B02046BDE83C
:10324000F04308470168C905D5D4016821F0100191
:10325000016084F8358084F83490CCE7BDE8F883C9
:10326000580000102DE9F041044600F0A9FB054686
:10327000002C7CD0A249206888423ED0A049183159
:1032800088423AD09E493031884236D09C494831F4
:10329000884232D09A49603188422ED0984978319C
:1032A00088422AD096499031884226D09449A83144
:1032B000884222D0934988421FD0924918318842CF
:1032C0001BD090493031884217D08E49483188420E
:1032D00013D08C49603188420FD08A4978318842B6
:1032E0000BD088499031884207D08649A83188425E
:1032F00003D0B82184A005F099F96068C0B1B0F19D
:10330000007F15D0B0F1806F12D0B0F1C06F0FD038
:10331000B0F1006F0CD0B0F1206F09D0B0F1406F68
:1033200006D0B0F1606F03D0B92177A005F07EF927
:10333000A06838B1402805D0802803D0BA2172A0F7
:1033400005F074F9E068B0F5007F04D018B1BB2136
:103350006DA005F06BF92069B0F5806F04D018B14D
:10336000BC2169A005F062F9606958B100E071E024
:10337000B0F5006F06D0B0F5805F03D0BD2162A02C
:1033800005F054F9A06948B1B0F5005F06D0B0F57A
:10339000804F03D0BE215CA005F048F9E06940B140
:1033A000B0F5807F05D0202803D0BF2156A005F0BE
:1033B0003DF9206A60B1B0F5803F09D0B0F5003F1B
:1033C00006D0B0F5403F03D0C0214FA005F02EF944
:1033D000606A002832D0042806D0C1214AA005F036
:1033E00025F9606A002829D0A06A48B1012807D0D1
:1033F000022805D0032803D0C62143A005F016F902
:10340000E06A60B1B0F5000F09D0B0F1807F06D05E
:10341000B0F1C07F03D0C7213BA005F007F9206BB6
:1034200060B1B0F5001F09D0B0F5800F06D0B0F53F
:10343000C00F03D0C82134A005F0F8F8022084F8AA
:103440003500002684F834602068016821F001010D
:1034500001600EE00120BDE8F08100BF00F0B0FA8D
:10346000401B052805D920206065032084F835001D
:10347000F1E720680068C007F0D122681168304881
:103480000140D4E901031843D4E903352B43184321
:1034900063691843A3691843E3691843236A18430F
:1034A0000843616A042903D1D4E90B131943084383
:1034B000106020684069656A20F0070029460543CE
:1034C000012704290CD1A06A0543E06A40B12046D7
:1034D000FFF78EF920B14020606584F83570B9E7B8
:1034E000206845612046FFF76FF994F85C203F2182
:1034F00091408160666584F835700020ABE700007C
:1035000010600240106402402E2E2F4472697665CE
:1035100072732F53544D3332463478785F48414CA0
:103520005F4472697665722F5372632F73746D33C3
:1035300032663478785F68616C5F646D612E630019
:103540003F8010F02DE9F04789460446876D00253D
:10355000581E4FF6FF711E469046884204D34FF422
:10356000E6711CA005F062F894F8340001280DD033
:10357000012084F8340094F835100020012907D088
:1035800084F8340002252846BDE8F0870220FBE7D6
:10359000022184F83510606533464246494620468C
:1035A000FFF750F994F85C103F208840B86020681D
:1035B000016841F016010160206C20B120680168AB
:1035C00041F0080101602068016841F001010160DB
:1035D000D9E700002E2E2F447269766572732F533F
:1035E000544D3332463478785F48414C5F447269B9
:1035F0007665722F5372632F73746D33326634782D
:10360000785F68616C5F646D612E630070B504461D
:1036100000F0D6F90546601C02D004480078044446
:1036200000F0CEF9401BA042FAD370BD4C00001050
:10363000102805D0B0F5004F04D1012003F060BB85
:103640000020FBE770470000044910B50A680242F9
:1036500002D00860FFF7ECFF10BD0000143C0140F1
:103660002DE9F84FDFF880B20D46044658451BD0CF
:103670009E48844218D09E48844215D09D4884427A
:1036800012D09D4884420FD09C4884420CD09C4864
:10369000844209D09B48844206D09B48844203D090
:1036A000AC219AA004F0C2FF28680104090C01D0E3
:1036B000000C03D0AD2195A004F0B8FF6868F8B104
:1036C00001281DD011281BD0022819D0122817D08C
:1036D000B0F5881F14D0B0F5041F11D0B0F5441F09
:1036E0000ED0B0F5901F0BD0B0F5081F08D0B0F584
:1036F000481F05D0032803D0AE2184A004F096FF14
:1037000000264FF0010A4FF0030900BF0AFA06F045
:103710002F688046074047457DD1287900F0030097
:10372000012801D002281DD1E86848B1012807D03E
:10373000022805D0032803D0C02174A004F076FF2E
:10374000A068720009FA02F18843E96891400143D8
:10375000A1606068297920EA0800C1F30011B14036
:10376000014361602879C043800712D0A86838B14E
:10377000012805D0022803D0D12164A004F056FF0F
:10378000E068720009FA02F18843A9689140014398
:10379000E160287900F0030002282AD12869D8B115
:1037A000092819D0012817D0022815D0032813D0D2
:1037B000042811D005280FD006280DD007280BD0DB
:1037C000082809D00A2807D00C2805D00F2803D0D4
:1037D000DE214EA004F02AFFF00804EB8002106AFC
:1037E0007107CB0E0F219940884329699940014305
:1037F00011622068720009FA02F18843297901F008
:103800000301914001432160686810F4403F64D097
:103810004D48016800E060E041F4804101600068CB
:1038200026F0030100F48040009048480A18D2F8BE
:103830000808B1070B0F0F21994088435C4501D15F
:10384000002123E029498C4201D101211EE02849B1
:103850008C4201D1022119E026498C4201D1032179
:1038600014E025498C4201D104210FE023498C4208
:1038700001D105210AE022498C4201D1062105E04F
:1038800020498C4201D1072100E0082199400143E1
:10389000C2F808182E4908686A68B843D20300D5F0
:1038A000384308602A49091D08686A68B8439203CA
:1038B00000D5384308602649083108686A68B8436B
:1038C000D20200D53843086021490C3108686A6883
:1038D000B843920200D538430860761C102EFFF4DE
:1038E00015AFBDE8F88F0000000002400004024060
:1038F00000080240000C0240001002400014024088
:1039000000180240001C0240002002402E2E2F44CE
:103910007269766572732F53544D3332463478781A
:103920005F48414C5F4472697665722F5372632F12
:1039300073746D3332663478785F68616C5F67707A
:10394000696F2E63000000004438024000300140DF
:10395000003C014070B515460C00064604D140F20B
:103960009D1108A004F062FE45B1012D04D04FF472
:10397000CF7104A004F05AFEB46170BD2004B061A0
:1039800070BD00002E2E2F447269766572732F531E
:10399000544D3332463478785F48414C5F44726905
:1039A0007665722F5372632F73746D333266347879
:1039B000785F68616C5F6770696F2E63000000005C
:1039C00001488068704700004C00001070B504008A
:1039D0007DD08A49206888420AD08949884207D028
:1039E0008849884204D040F2BF1187A004F01EFE2F
:1039F00060689349401E884204D94FF4E07182A068
:103A000004F014FEA0684FF4804530B1A84204D001
:103A100040F2C1117CA004F009FEE068800A04D0E5
:103A20004FF4E17178A004F001FE2069A84207D0AC
:103A3000B0F5404F04D040F2C31173A004F0F6FD7E
:103A4000606930B1012804D04FF4E2716EA004F037
:103A5000EDFDA06930F0FE0004D040F2C5116AA06F
:103A600004F0E4FDE06930B1402804D04FF4E37184
:103A700065A004F0DBFD206A30B1802804D040F25C
:103A8000C71161A004F0D2FD94F83D00002520B9D3
:103A900084F83C50204600F0BBFA242084F83D0016
:103AA0002068016821F0010101602068016841F48B
:103AB000004101602068016821F40041016000F0CC
:103AC000CBFD604A6168914202D85F4901E002E0A3
:103AD0005E49884201D2012070BD5D492368B0FB78
:103AE000F1F15E6826F03F060E435E606368934224
:103AF00006D94FF4967359434FF47A73B1FBF3F13F
:103B00002368491C1E6A26F03F063143196261682A
:103B1000914210D84900401EB0FBF1F2521CC2F392
:103B20000B02042A01D2042022E0B0FBF1F0401C79
:103B3000C0F30B001CE0A368F3B301EBC10202EB7E
:103B40000116421EB2FBF6F2521C42F480421205EC
:103B500049D093B301EBC10202EB0111401EB0FB4F
:103B6000F1F0401CC0F30B0040F4804040F40040F2
:103B70002168CA694CF6FF739A431043C861D4E9BF
:103B8000071001432068026822F0C002114301605F
:103B9000D4E9030101432068826848F2FF339A4365
:103BA00011438160D4E9050108432168CA6822F005
:103BB000FF021043C86001E00EE016E020680168D3
:103BC00041F0010101602564202084F83D00256357
:103BD00084F83E50002070BD01EB4106421EB2FB4E
:103BE000F6F2521CB3E70120C2E701EB4101401E8F
:103BF000B0FBF1F0401CC0F30B00B7E700540040ED
:103C000000580040005C00402E2E2F4472697665FB
:103C100072732F53544D3332463478785F48414C99
:103C20005F4472697665722F5372632F73746D33BC
:103C300032663478785F68616C5F6932632E630046
:103C40007F1A0600A086010080841E0000093D0046
:103C500040420F002DE9FF4F83B01F46DDE911A858
:103C600093460446DDF84090FFF7AAFE0546012F73
:103C700006D0102F04D040F6352175A004F0D6FCF4
:103C800094F83D00202870D1192301227E49204656
:103C9000009502F0DFFE0028F5D194F83C000128E1
:103CA00063D0012084F83C0020680168C90703D173
:103CB000016841F0010101602068016821F40061A0
:103CC0000160222084F83D00402084F83E00002658
:103CD0002664C4F82490A4F82AA0608D20856B483F
:103CE000E062CDE900853B465A462046049902F041
:103CF000B9FD00287CD1208DD0B1012821D0022827
:103D0000206824D0416980690090208D032869D8FB
:103D100001282BD05E49022843464FF0000200954F
:103D200059D00F46204602F095FE002860D13CE0B5
:103D30002068416981690091016841F40071016066
:103D400077E02068016821F480610160F0E7016894
:103D500021F4806101602068016841F40061016024
:103D6000206841698069009063E06FE02A4641461F
:103D7000204602F0EEFE98BB20680069616A087078
:103D80004EE02068016841F400710160206800691C
:103D9000616A0870606A401C6062218D491E21853D
:103DA000618D491E6185216838E02068016821F431
:103DB0008061016020680069616A0870606A401C67
:103DC0006062208D401E2085608D401E60854346C8
:103DD000002239460095204602F03CFE00B9D0E7AB
:103DE00006E0FFE72A464146204602F0B2FE18B13F
:103DF000012007B0BDE8F08F20680069616A087093
:103E0000606A401C6062218D491E2185618D491EBA
:103E1000618521684A69D24352070AD40969017051
:103E2000606A401C6062208D401E2085608D401EAF
:103E30006085208D00287FF468AF202084F83D0045
:103E400084F83E6084F83C600020D2E70220D0E78E
:103E50002E2E2F447269766572732F53544D333270
:103E6000463478785F48414C5F4472697665722FBA
:103E70005372632F73746D3332663478785F686180
:103E80006C5F6932632E6300020010000000FFFFC8
:103E9000040001002DE9FF4F83B01F46DDE911A8A2
:103EA00093460446DDF84090FFF78AFD0546012F52
:103EB00006D0102F04D040F6BA1145A004F0B6FB8E
:103EC00094F83D0020287DD1192301224E49204637
:103ED000009502F0BFFD002877D194F83C0001283E
:103EE00073D0012084F83C0020680168C90703D121
:103EF000016841F0010101602068016821F400615E
:103F00000160212084F83D00402084F83E00002616
:103F10002664C4F82490A4F82AA0608D20853B482C
:103F2000E062CDE900853B465A462046049902F0FE
:103F300017FD70B930E02A464146204602F03CFEAB
:103F400058B1206C042804D12068016841F4007144
:103F50000160012007B0BDE8F08F606A2168007839
:103F60000861606A401C6062218D491E89B221850A
:103F7000628D521E628522685369DB435B070BD456
:103F800069B100781061606A401C6062208D401E3B
:103F90002085608D401E6085208D0028CBD12A466B
:103FA0004146204602F030FD0028CAD154F83D0BAE
:103FB000016841F400710160202004F81E09E677D1
:103FC000667700E001E00020C4E70220C2E70000BD
:103FD0002E2E2F447269766572732F53544D3332EF
:103FE000463478785F48414C5F4472697665722F39
:103FF0005372632F73746D3332663478785F6861FF
:104000006C5F6932632E6300020010000000FFFF46
:1040100010B586B0044614216846FCF7C1FB13496D
:104020002068884220D112480021026842F0020232
:104030000260006800F002000590C020009012208D
:10404000CDE901010220039004200490694609484B
:10405000FFF706FB06481030016841F400110160CB
:10406000006800F40010059006B010BD0054004038
:10407000303802400004024070B5040033D02649B5
:104080002068884203D0AF2124A004F0CFFA6068F2
:1040900078B101280DD002280BD0032809D00428BC
:1040A00007D0052805D0062803D0B0211BA004F0B6
:1040B000BDFAA068B0F5805F03D3B12117A004F06A
:1040C000B5FA21684CF6CC400860216845F255509D
:1040D0000860D4E9000141602168A0688860FFF7AA
:1040E0006FFC05460DE0012070BD00BFFFF768FCC6
:1040F000401B312805D92068C068800701D0032003
:1041000070BD2068C0688007F0D121684AF6AA20F7
:104110000860002070BD0000003000402E2E2F44AB
:104120007269766572732F53544D33324634787802
:104130005F48414C5F4472697665722F5372632FFA
:1041400073746D3332663478785F68616C5F697759
:1041500064672E6300000000024881680278114401
:10416000816070474C0000100B4810B5016841F4A5
:1041700000710160016841F480610160016841F4EF
:1041800080710160032000F0E1F80F2000F006F8D4
:1041900000F03EF8002010BD003C024010B5014682
:1041A00088B00022362000F081F8362000F04CF86C
:1041B00013480024016841F010010160006805A95E
:1041C00000F010000690684600F026FA00F044FA6D
:1041D0000C494000B0FBF1F10C480B4A491E02604B
:1041E00040F2E732C0E90324C0E9011401F0FCF811
:1041F00010B1012008B010BD044801F0E3F9F9E75F
:104200004038024040420F0000100040B406002039
:104210000C4882B0016841F480410160006800F4FC
:10422000804000900748001F016841F08051016004
:104230000068002200F0805000900F21901E02B014
:1042400000F034B84438024010B5040003D5BE2154
:1042500007A004F0EBF9002C09DB04F01F0101209A
:1042600088406109890001F1E021C1F8000110BD19
:104270002E2E2F447269766572732F53544D33324C
:10428000463478785F48414C5F4472697665722F96
:104290005372632F73746D3332663478785F68615C
:1042A0006C5F636F727465782E63000070B515469D
:1042B0000C460646102A03D3AA2114A004F0B6F92E
:1042C000102C03D3AB2111A004F0B0F91E480068F4
:1042D000C0F30223C3F107022046042A00D90422B6
:1042E000191D072901D2002300E0DB1E012404FA76
:1042F00002F1491E014099409C40641E2C4021431C
:104300003046BDE8704004F046B800002E2E2F4421
:104310007269766572732F53544D33324634787810
:104320005F48414C5F4472697665722F5372632F08
:1043300073746D3332663478785F68616C5F636F75
:10434000727465782E6300000CED00E010B5044631
:1043500007280BD0062C09D0052C07D0042C05D03B
:10436000032C03D0922108A004F060F9154904F051
:10437000070208684FF6FF03184040EA0220124A7D
:104380001043086010BD00002E2E2F447269766520
:1043900072732F53544D3332463478785F48414C12
:1043A0005F4472697665722F5372632F73746D3335
:1043B00032663478785F68616C5F636F72746578B9
:1043C0002E6300000CED00E00000FA052DE9F04737
:1043D0000E4604007DD02068401E0E2804D94FF4FC
:1043E00017717AA004F022F996B1012E10D0022E96
:1043F0000ED0032E0CD0042E0AD0052E08D0062E87
:1044000006D0072E04D040F25D2170A004F00EF912
:10441000DFF8F081D8F80000F7B200F00700B042F2
:1044200007D288F80070D8F8000000F00700B0420A
:104430004FD12068744D810729D5400703D52868DE
:1044400040F4E05028602078000703D5286840F445
:1044500060402860A068A0B1802812D0902810D0B9
:10446000A0280ED0B0280CD0C0280AD0D02808D060
:10447000E02806D0F02804D04FF4207153A004F0B7
:10448000D5F82868A16820F0F0000843286020785B
:10449000C00743D0DFF870916068A9F1080988B1BE
:1044A000012822D0022824D0032822D040F28721DC
:1044B00046A004F0BBF86068012816D0022818D086
:1044C000032816D0D9F800008007002833DA2868BE
:1044D00000E030E0616820F0030008432860FFF747
:1044E0006FFA814641F2883A11E0D9F80000800362
:1044F000EBE7D9F800008001E7E700BFFFF760FABB
:10450000A0EB0901514502D90320BDE8F0872868D6
:10451000616800F00C00B0EB810FEFD1D8F800100B
:10452000404601F00701B14207D90770006800F06A
:104530000700B04201D00120E7E720784FF4805611
:1045400040074FF4A0574FF4C0584FF4E05914D52A
:10455000E06860B1B0420AD0B84208D0404506D009
:10456000484504D040F2C52118A004F05FF828683F
:10457000E16820F4E050084328602078000715D552
:10458000206960B1B0420AD0B84208D0404506D098
:10459000484504D04FF433710CA004F047F8286864
:1045A000216920F4604040EAC100286000F074F8FE
:1045B0002968164AC1F30311515CC84014490860C8
:1045C00014480068FFF7EAFD00209EE72E2E2F44D6
:1045D0007269766572732F53544D3332463478784E
:1045E0005F48414C5F4472697665722F5372632F46
:1045F00073746D3332663478785F68616C5F7263B0
:10460000632E6300003C02400838024044B00008BA
:1046100058000010500000100F2202600C4A13686E
:1046200003F003034360136803F0F003836013682F
:1046300003F4E053C36012684FF4E05303EAD2027C
:1046400002610448006800F007000860704700003D
:1046500008380240003C02400448054900680968E7
:10466000044AC1F38221515CC840704758000010D1
:104670000838024054B00008044805490068096839
:10468000044AC1F34231515CC840704758000010E1
:104690000838024054B00008104810B5006810F007
:1046A0000C010F4818D0042916D0082914D10B4C3E
:1046B000241F216801F03F02216821680023C1F313
:1046C0008811A1FB0001FBF741FE2168C1F3014104
:1046D000491C4900B0FBF1F010BD00000838024051
:1046E0000024F4002DE9F84F04007DD020680F2845
:1046F00003D9E821F7A003F099FF2078DFF80C94A4
:10470000C007A9F1040555D060684FF480364FF416
:10471000A02738B1B04205D0B84203D0ED21EDA0BA
:1047200003F084FFF948001D0168C1F381010129EC
:1047300008D00068C0F3810002280AD1D9F800002F
:10474000400206D52868800334D560680028CCD0A4
:1047500030E06068B04203D1286840F480300CE05B
:10476000B842286803D140F480202860F4E720F4A0
:1047700080302860286820F480202860606860B15C
:10478000FFF71EF9064604E0FFF71AF9801B6428BC
:104790007ED828688003F7D50CE0FFF711F90646AC
:1047A00005E000BFFFF70CF9801B6428F0D82868EB
:1047B0008003F7D42078DFF8588380074FF0000A91
:1047C00056D5E06830B1012804D040F21F11C1A0D5
:1047D00003F02CFF20691F2804D94FF49071BDA06D
:1047E00003F024FFC94800E092E0001D016811F0C9
:1047F0000C0F08D00068C0F38100022810D1D9F84E
:10480000000040020CD42868800702D5E068012827
:104810007ED12868216920F0F80040EAC10017E045
:10482000E068B8B10120C8F80000FFF7C9F80646F3
:1048300005E000BFFFF7C4F8801B0228A8D828684D
:104840008007F7D5286820F0F801206941EAC00008
:1048500028600DE0C8F800A0FFF7B2F8064604E0B3
:10486000FFF7AEF8801B022892D828688007F7D49B
:10487000207800072ED5A54EA64F60697036D0B1BE
:10488000012808D04FF4B07192A003F0CFFE00E0F1
:104890004BE1606978B101203860FFF791F8074675
:1048A00005E000BFFFF78CF8C01B0228C6D83068AF
:1048B0008007F7D50EE0C7F800A0FFF781F807469C
:1048C00005E000BFFFF77CF8C01B0228B6D83068AF
:1048D0008007F7D42078400776D5A068002740B13C
:1048E000012806D0052804D04FF4C67179A003F042
:1048F0009DFEDFF818B20BF13C0BDBF80000C000A6
:104900000DD4DBF8001041F08051CBF8001000E02E
:1049100038E1DBF80000012700F0805000907E4E67
:104920003068C00511D4306840F480703060FFF703
:1049300047F8009006E000BFFFF742F80099401AE0
:10494000022891D83068C005F6D5704EA0686C3644
:1049500001280FD00528306810D020F00100306009
:10496000306820F004003060A068B8B1FFF728F884
:1049700000900FE0306840F00100F4E740F00400E0
:104980003060F7E7FFF71CF80099411A41F28830D0
:1049900081428BD830688007F4D50EE0FFF710F81D
:1049A000009007E0FFF70CF80099411A41F28830B7
:1049B00081428BD830688007F4D42FB1DBF8001027
:1049C00021F08051CBF80010A069002876D0012892
:1049D00009D0022807D040F2CF113EA003F026FEF6
:1049E000A0690028F2D04948001D0068C0F381008A
:1049F0000228A0696DD0022805D0C8F860A0FEF793
:104A0000DFFF044694E0E06938B1B0F5800F04D0D0
:104A10004FF4EC712FA003F009FE206A3F2804D95F
:104A200040F2D9112BA003F001FE606A3238B0F5D4
:104A3000BF7F04D94FF4ED7126A003F0F7FDA06A03
:104A400002280AD0042808D0062806D0082804D056
:104A500040F2DB111FA003F0E9FDE06A801E0D2883
:104A600004D94FF4EE711BA003F0E0FD4746C8F8EF
:104A700060A0FEF7A5FF064605E000BFFEF7A0FF19
:104A8000801B022851D828688001F7D4D4E9070197
:104A90000843A16A214A490802EB0141626A41EADE
:104AA0008211084394F82C1040EA0161C9F8001003
:104AB00001203866FEF784FF044606E064E000BF8C
:104AC000FEF77EFF001B02282FD828688001F7D54B
:104AD0005AE031E02E2E2F447269766572732F539F
:104AE000544D3332463478785F48414C5F447269A4
:104AF0007665722F5372632F73746D333266347818
:104B0000785F68616C5F7263632E630004380240F3
:104B100000004742800E4742007000400000FFFF47
:104B2000FEF74EFF001B022802D90320BDE8F88FD4
:104B300028688001F4D427E00128F7D0D9F80000D4
:104B4000E26900F4800191421CD1226A00F03F0129
:104B5000914217D147F6C071626A0140B1EB821FE2
:104B600010D1A26A4FF0FF3300F4403103EB520240
:104B7000B1EB024F06D194F82C1000F07060B0EB4E
:104B8000016F01D00120D1E70020CFE770B504000C
:104B90007ED08049206888420AD07F49884207D069
:104BA0007E49884204D04FF4A1717DA003F03EFD00
:104BB00060684FF4827630B1B04204D040F24311C5
:104BC00077A003F033FDA06850B1B0F5806F07D037
:104BD000B0F5004F04D04FF4A27171A003F026FD90
:104BE000E068B0F5006F05D020B140F245116CA02F
:104BF00003F01CFDA069B0F5007F08D038B1B0F516
:104C0000802F04D04FF4A37165A003F00FFDE0697D
:104C100090B1082810D010280ED018280CD02028C9
:104C20000AD0282808D0302806D0382804D040F2EE
:104C300047115BA003F0FAFC206A30B1802804D051
:104C40004FF4A47156A003F0F1FC606A002548B34C
:104C5000102806D040F2491151A003F0E7FC606A29
:104C600000B3E06990B1082810D010280ED01828A1
:104C70000CD020280AD0282808D0302806D0382880
:104C800004D040F25B1146A003F0D0FC256100E0A7
:104C900006E06561A56294F85100002830D034E048
:104CA000012070BD206930B1022804D04FF4A671F4
:104CB0003BA003F0BBFC606930B1012804D040F296
:104CC0004D1137A003F0B2FC6068B04216D1E06924
:104CD0000028DFD00828DDD01028DBD01828D9D054
:104CE0002028D7D02828D5D03028D3D03828D1D0E4
:104CF00040F251112AA003F099FCCBE7E561C9E726
:104D000084F85050204600F067F8022084F85100E3
:104D10002068016821F040010160A088218900F429
:104D2000827001F404410843A18901F40061084341
:104D3000217C01F002010843217D01F001010843BB
:104D4000218B01F400710843217F01F038010843F1
:104D500094F8201001F080010843218D01F40051E6
:104D6000084321680860A069042101EA104094F812
:104D7000241001F010010843216848602068C169CF
:104D800021F40061C1616565012084F851000020B3
:104D900070BD00000030014000380040003C004081
:104DA0002E2E2F447269766572732F53544D333211
:104DB000463478785F48414C5F4472697665722F5B
:104DC0005372632F73746D3332663478785F686121
:104DD0006C5F7370692E6300F0B587B006461421CE
:104DE0006846FBF7DDFC464A356846480221052344
:104DF0000024954219D1434A1432156845F4805570
:104E00001560126802F480520592026842F00102B5
:104E10000260006800F001000590E0208DE81300BA
:104E2000CDE903136946384867E0364A374F1032F8
:104E3000BD4246D1156845F480451560126802F4FC
:104E400080420592026842F002020260006800F0AF
:104E500002000590B8008DE81300CDE90313694600
:104E60002B48FEF7FDFB2C4D2A48C5E90004071529
:104E7000AC60C5E903476C61AC61EC612C6228460B
:104E80006C62FEF7EFF908B1FDF7D9FDF564AE638A
:104E9000214D204860351830E5E80204402091C5D6
:104EA0001D4845F814496030AC61EC612C626C62BD
:104EB000FEF7D8F908B1FDF7C2FDB564AE6307B0DF
:104EC000F0BD164B9D42FAD1136843F400431360C2
:104ED000126802F400420592026842F00402026085
:104EE000006800F0040005904FF4E0508DE81300D6
:104EF0000620CDE9031069460948FEF7B1FBDEE75D
:104F000000300140303802400000024000380040CC
:104F1000000402405860024088020010003C00403B
:104F2000000802402DE9F84F04460A9E80681D469D
:104F300092468B464FF00109002720B140F27E4196
:104F400074A003F073FB94F8500001280ED00120E8
:104F500084F85000FEF734FD804694F851006168F3
:104F600001280CD0B1F5827F07D102E00220BDE814
:104F7000F88FA16809B9042801D00227C2E0BBF16B
:104F8000000F27D0BAF1000F24D01DB394F85100C0
:104F9000042802D0052084F8510000206065C4F880
:104FA00038A0E587A587C4F830B0E586A5862064DB
:104FB000606420680168490603D4016841F040013B
:104FC0000160E068B0F5006F606805D0F0B3012DB6
:104FD00046D07FE0012795E008B1012D39D1206B43
:104FE00021680088C860206B801C2063E08E401E12
:104FF000E0862EE02068816889070FD5E18E69B1CF
:10500000B9F1010F0AD1216B0988C160206B801CA6
:105010002063E08E401EE0864FF000092068816822
:10502000C9070CD0E18F51B1C068A16B0880A06B9B
:10503000801CA063E08F401EE0874FF00109FEF75F
:10504000BFFCA0EB0800B04203D300E008E0701CF6
:1050500050D1E08E0028CDD1E08F0028CAD13FE0AA
:10506000206B216800780873206B401C2063E08E61
:10507000401EE0862EE02068816889070FD5E18E0A
:1050800069B1B9F1010F0AD1216B09780173206B65
:10509000401C2063E08E401EE0864FF0000920682F
:1050A0008168C9070CD0E18F51B1C068A16B08704D
:1050B000A06B401CA063E08F401EE0874FF0010909
:1050C000FEF77EFCA0EB0800B04202D3701C01D0BA
:1050D00010E07EB1E08E0028CDD1E08F0028CAD14B
:1050E00042463146204602F053FB28B101272020DA
:1050F000606507E0032705E0A06818B92068C1686B
:1051000080680090012084F85100002084F850004D
:1051100038462CE72E2E2F447269766572732F5312
:10512000544D3332463478785F48414C5F4472695D
:105130007665722F5372632F73746D3332663478D1
:10514000785F68616C5F7370692E630070477047A9
:1051500070B50C46054600683E49884207D03E4976
:10516000884204D040F2EE713CA003F05FFA206860
:10517000B0F5006F05D020B140F2EF7137A003F019
:1051800055FA6068B0F5806F05D020B14FF4FE612C
:1051900032A003F04BFAA06868B1B0F5807F0AD066
:1051A000B0F5007F07D0B0F5407F04D040F2F17138
:1051B0002AA003F03BFAE068FF2804D940F2F2711C
:1051C00026A003F033FA2069B0F5805F05D020B146
:1051D00040F2F37121A003F029FA606938B1B0F50B
:1051E000005F04D040F2F4711CA003F01FFAE069E4
:1051F000B0F5804F05D020B140F2F57117A003F053
:1052000015FA95F83C00012822D0012085F83C00D1
:10521000E068A26820F440701043626820F4806067
:105220001043226820F400601043226920F480506B
:105230001043626920F400501043E269002120F419
:10524000804010432A68506485F83C10002070BDEF
:10525000022070BD00000140000401402E2E2F44AA
:105260007269766572732F53544D333246347878B1
:105270005F48414C5F4472697665722F5372632FA9
:1052800073746D3332663478785F68616C5F74690B
:105290006D5F65782E6300002DE9F05F04460068BD
:1052A0003A4E3B4FDFF8EC80DFF8EC90DFF8ECA0F3
:1052B0000D464FF0804BB04215D0584513D0B84240
:1052C00011D040450FD048450DD04FEAB641884235
:1052D00009D03349884206D0504504D040F2B1711C
:1052E00030A003F0A3F9286890B1102810D020282E
:1052F0000ED030280CD040280AD0502808D0602882
:1053000006D0702804D040F2B27126A003F08EF9C6
:105310006868802805D020B140F2B37121A003F065
:1053200085F994F83C0001282DD0012284F83C2016
:10533000022084F83D00216848688B6820F0700CDA
:10534000286840EA0C0048602068B0420FD05845F9
:105350000DD0B8420BD0404509D0484507D0504544
:1053600005D01F49884202D01E49884204D169688D
:1053700023F080031943816084F83D20002084F8E5
:105380003C00BDE8F09F0220FBE700000000014068
:105390000004004000080040000C004000040140F0
:1053A000001400402E2E2F447269766572732F53BD
:1053B000544D3332463478785F48414C5F447269CB
:1053C0007665722F5372632F73746D33326634783F
:1053D000785F68616C5F74696D5F65782E6300004B
:1053E000004001400018004010B5040058D03F496B
:1053F000206888422BD0B0F1804F28D03C498842A9
:1054000025D03C49884222D03B4988421FD03B49A5
:1054100088421CD03A49884219D03A49884216D06D
:105420003949884213D03949884210D038498842D6
:105430000DD0384988420AD03749884207D03749C9
:10544000884204D040F2131135A003F0EFF8A068B1
:1054500060B110280AD0202808D0402806D0602843
:1054600004D04FF48A712EA003F0E0F8206950B107
:10547000B0F5807F07D0B0F5007F04D040F2151161
:1054800027A003F0D3F8A06930B1802804D04FF4EE
:105490008B7123A003F0CAF894F83D0010B107E027
:1054A000012010BD002084F83C00204600F054F894
:1054B000022084F83D00211D206802F07DFA0120C1
:1054C00084F8460084F83E0084F83F0084F84000E9
:1054D00084F8410084F8420084F8430084F84400D2
:1054E00084F8450084F83D00002010BD0000014014
:1054F0000004004000080040000C00400010004084
:1055000000140040000401400040014000440140FC
:105510000048014000180040001C004000200040EE
:105520002E2E2F447269766572732F53544D333289
:10553000463478785F48414C5F4472697665722FD3
:105540005372632F73746D3332663478785F686199
:105550006C5F74696D2E630038B5054600681549A7
:10556000884225D1144900200A6842F001020A60ED
:105570000968134C01F001010091104921604FF0BE
:10558000406161604021C4E90210090121614900C4
:1055900061618900C4E906104FF44031C4E9081084
:1055A0002046FDF75FFE08B1FDF749FA2C62A563BE
:1055B00038BD0000000001404438024088640240C9
:1055C000D80300102DE9F05F044600682F4D304EDF
:1055D000304FDFF8C480DFF8C490DFF8C4A0DFF8F4
:1055E000C4B0A84226D0B0F1804F23D0B04221D021
:1055F000B8421FD040451DD04FEAB541884219D06E
:105600002949884216D0484514D0504512D0274920
:1056100088420FD0264988420CD058450AD02549E7
:10562000884207D02449884204D040F2CF1123A0F9
:1056300002F0FCFF94F83D00012802D00120BDE8F3
:10564000F09F022084F83D002068C16841F001010C
:10565000C1602068A8420ED0B0F1804F0BD0B0429C
:1056600009D0B84207D0404505D0484503D0504541
:1056700001D0584504D1816801F00701062903D003
:10568000016841F0010101600020D8E700000140FD
:105690000004004000080040000C004000040140ED
:1056A0000040014000180040001400400044014048
:1056B00000480140001C0040002000402E2E2F44D6
:1056C0007269766572732F53544D3332463478784D
:1056D0005F48414C5F4472697665722F5372632F45
:1056E00073746D3332663478785F68616C5F7469A7
:1056F0006D2E63002DE9F84F05460020009095F8C7
:105700003C000C46012841D0012085F83C000220D5
:1057100085F83D0020684FF4805B584516D0B0F501
:10572000005F13D090B1102810D020280ED0302860
:105730000CD040280AD0502808D0602806D0702805
:1057400004D041F2BB41D4A002F070FF2868816808
:1057500021F0770121F47F4181602068DC49DD4A36
:10576000DD4BDE4EDE4FDFF87CC3DFF87C834FF08D
:1057700080494FF4004A50287ED00FDC202804D006
:1057800007DC0028FBD0102877D161E10220BDE8BA
:10579000F88F3028F9D04028F6D126E160286DD066
:1057A000702874D0584544D04FF400584045EBD190
:1057B000286888420ED048450CD090420AD09842C2
:1057C00008D0B04206D0B84204D041F2E641B2A0BF
:1057D00002F02CFFA06858B1584509D0404507D0C9
:1057E000B0F5405F04D041F2E941ABA002F01EFFEA
:1057F0006068504509D040B1022806D00A2804D07C
:1058000041F2EA41A4A002F011FFE0680F2804D998
:1058100041F2EB41A0A002F009FFD4E90121E368C5
:10582000286802F02DF92868816841F48041816080
:1058300029E128688842FBD04845F9D09042F7D04A
:105840009842F5D0B042F3D0A8498842F0D0A84998
:105850008842EDD0B842EBD06045E9D0A5498842F6
:10586000E6D0A5498842E3D04045E1D0A34988422B
:10587000DED0A349884203E04FE002E180E006E089
:10588000D6D041F2C74184A002F0D0FEFBE02868E8
:10589000884212D0484510D090420ED098420CD089
:1058A000B0420AD0B84208D0604506D0404504D086
:1058B00041F2CE4178A002F0B9FEA06860B158452F
:1058C0000AD0B0F5005F07D0B0F5405F04D041F2D8
:1058D000D14171A002F0AAFE6068504509D040B1E4
:1058E000022806D00A2804D041F2D2416AA002F070
:1058F0009DFEE0680F2804D941F2D34166A002F072
:1059000095FED4E90121E368286802F0B9F8296816
:10591000886840F077008860B5E02868884212D037
:10592000484510D090420ED098420CD0B0420AD0D8
:10593000B84208D0604506D0404504D041F2FA4153
:1059400055A002F073FE6068504509D040B10228AE
:1059500006D00A2804D041F2FD414FA002F066FEB5
:10596000E0680F2804D941F2FE414BA002F05EFE30
:10597000E2686168286802F045FA5021286831E041
:105980002868884212D0484510D090420ED09842E4
:105990000CD0B0420AD0B84208D0604506D040458D
:1059A00004D041F20A513CA002F040FE606850452C
:1059B00009D040B1022806D00A2804D041F20D5186
:1059C00035A002F033FEE0680F2804D941F20E51F1
:1059D00031A002F02BFEE2686168286802F023FA29
:1059E0006021286802F056F84DE02868884212D0FD
:1059F000484510D090420ED098420CD0B0420AD008
:105A0000B84208D0604506D0404504D041F21A5152
:105A100021A002F00BFE6068504509D040B1022879
:105A200006D00A2804D041F21D511BA002F0FEFD51
:105A3000E0680F2804D941F21E5117A002F0F6FDCC
:105A4000E2686168286802F0DDF940212868C9E74A
:105A50002868884212D0484510D090420ED0984213
:105A60000CD0B0420AD0B84208D0604506D04045BC
:105A700004D041F22D5108A002F0D8FD2168286819
:105A8000B0E701200090012085F83D00002085F856
:105A90003C0000987BE600002E2E2F44726976654C
:105AA00072732F53544D3332463478785F48414CEB
:105AB0005F4472697665722F5372632F73746D330E
:105AC00032663478785F68616C5F74696D2E63004C
:105AD000000001400004004000080040000C0040AD
:105AE0000004014000400140001800400010004048
:105AF000001400400044014000480140001C0040E8
:105B000000200040704770B50446006801694FF0FE
:105B10000005C943890715D4C168C943890711D451
:105B2000E91E0161012020772068806980072046F6
:105B300002D0FFF7E7FF04E000F0DAF8204600F0BB
:105B4000D9FA257720680169C943490717D4C16884
:105B5000C943490713D46FF0040101610220207783
:105B60002068806910F4407F204602D0FFF7CAFF0A
:105B700004E000F0BDF8204600F0BCFA257720686C
:105B80000169C943090716D4C168C943090712D47A
:105B90006FF008010161042020772068C069800748
:105BA000204602D0FFF7AEFF04E000F0A1F8204647
:105BB00000F0A0FA257720680169C943C90617D407
:105BC000C168C943C90613D46FF0100101610820F0
:105BD00020772068C06910F4407F204602D0FFF78C
:105BE00091FF04E000F084F8204600F083FA257766
:105BF00020680169C943C90708D1C168C943C907F9
:105C000004D1891E0161204600F076FA20680169FE
:105C1000C943090609D4C168C943090605D46FF010
:105C2000800101612046FFF791FA20680169C943AC
:105C3000490609D4C168C943490605D46FF040013B
:105C40000161204600F062FA20680169C9438906B3
:105C50000BD4C168C943890607D46FF020010161E4
:105C60002046BDE87040FFF772BA70BD10B586B02F
:105C7000044614216846FAF793FD2368174C002266
:105C800017480221A34212D1036843F001030360C5
:105C9000006800F0010005904FF470608DE8070087
:105CA000032003900120049069460E4811E00E4C39
:105CB000A34210D1036843F002030360006800F0C0
:105CC0000200059020208DE80700039104916946A9
:105CD0000648FDF7C5FC06B010BD000000000140FD
:105CE000303802400000024000040040000402403E
:105CF000704700002DE9F05F16000D4604464FF096
:105D000000090CD0042E0AD0082E08D00C2E06D084
:105D10003C2E04D041F2770177A002F087FC28687E
:105D2000602806D0702804D041F2780172A002F0F9
:105D30007DFCA86830B1022804D041F279016EA040
:105D400002F074FC286930B1042804D041F27A01D1
:105D500069A002F06BFC94F83C0001281CD00120E3
:105D60007349744A744B754FDFF8D4C1DFF8D4A17E
:105D7000DFF8D4B184F83C004FF0804876B1042EAF
:105D800041D0082E6AD00C2E7DD08146002084F8A8
:105D90003C004846BDE8F09F0220FBE720688842AF
:105DA0001ED040451CD090421AD0984218D0B8421C
:105DB00016D0604514D0504512D0644988420FD0A7
:105DC000634988420CD058450AD06249884207D0BE
:105DD0006149884204D041F2840147A002F026FCC8
:105DE0002946206801F05EFE2068816941F00801C3
:105DF00081612068816921F00401816120688169E5
:105E00002A69114328E02068884212D0404510D00A
:105E100090420ED098420CD0B8420AD0604508D0CB
:105E2000504506D0584504D041F2950132A002F009
:105E3000FDFB2946206801F0A7FE2068816941F436
:105E4000006181612068816921F48061816120683D
:105E500081692A6941EA0221816197E720688842C5
:105E60000ED040450CD090420AD0984208D0B8429B
:105E700006D0604504D041F2A6011FA002F0D6FB77
:105E80002946206800E010E001F0F4FE2068C169B6
:105E900041F00801C1612068C16921F00401C161BC
:105EA0002068C1692A69114324E0206888420ED025
:105EB00040450CD090420AD0984208D0B84206D053
:105EC000604504D041F2B7010BA002F0AFFB2946B8
:105ED000206801F045FF2068C16941F40061C1619B
:105EE0002068C16921F48061C1612068C1692A69A3
:105EF00041EA0221C16149E72E2E2F44726976657D
:105F000072732F53544D3332463478785F48414C86
:105F10005F4472697665722F5372632F73746D33A9
:105F200032663478785F68616C5F74696D2E6300E7
:105F3000000001400004004000080040000C004048
:105F400000040140004001400018004000440140AE
:105F500000480140001C00400020004010B5040033
:105F600058D03F49206888422BD0B0F1804F28D0CC
:105F70003C49884225D03C49884222D03B4988424E
:105F80001FD03B4988421CD03A49884219D03A492F
:105F9000884216D03949884213D03949884210D0F6
:105FA000384988420DD0384988420AD0374988425A
:105FB00007D03749884204D040F2295135A002F079
:105FC00035FBA06860B110280AD0202808D04028EE
:105FD00006D0602804D040F22A512EA002F026FB01
:105FE000206950B1B0F5807F07D0B0F5007F04D0B4
:105FF00040F22B5127A002F019FBA06930B1802894
:1060000004D040F22C5123A002F010FB94F83D0084
:1060100010B107E0012010BD002084F83C002046AC
:1060200000F054F8022084F83D00211D206801F0A2
:10603000C3FC012084F8460084F83E0084F83F0049
:1060400084F8400084F8410084F8420084F843005A
:1060500084F8440084F8450084F83D00002010BD19
:10606000000001400004004000080040000C004017
:1060700000100040001400400004014000400140B6
:10608000004401400048014000180040001C00404E
:10609000002000402E2E2F447269766572732F53B4
:1060A000544D3332463478785F48414C5F447269CE
:1060B0007665722F5372632F73746D333266347842
:1060C000785F68616C5F74696D2E630008B5006865
:1060D0000649884208D10648016841F00201016082
:1060E000006800F00200009008BD000000040040BD
:1060F000403802407047000000680349884201D1DF
:10610000FEF72AB87047000000100040704738B50D
:10611000044690F83E00202822D181B17AB194F84B
:106120003C0001281CD0012084F83C00206320465C
:1061300002F07EF8002803D1216B012901D0012053
:1061400038BD21680A684968009121680C3151E81E
:10615000002F42F0100241E80023002BF5D138BD9A
:10616000022038BD10B50C4600680C49884214D195
:10617000601EFF2809D80A49224601F58070FAF707
:10618000D5FA0848448001210170BDE810404FF461
:10619000807203490448FFF7BABF10BD004C0040AD
:1061A0003C00002010000020C804002070470000C0
:1061B000F8B5016804460868CA684B6910F00F0F0B
:1061C0004FF0000559D003F0010602F490773743F1
:1061D00065D0C10705D0D10503D5216C41F001017F
:1061E0002164410705D5D90703D0216C41F0020194
:1061F0002164810705D5D90703D0216C41F0040142
:106200002164010707D502F02001314303D0216C3E
:1062100041F008012164216C00293AD0800604D5A0
:10622000900602D5204601F0D3FE20684069216C1B
:10623000C0F38010090700D460B3204601F093FE3C
:1062400020684069400621D52068143050E8001FBE
:1062500021F0400140E80012002AF5D1A06BA8B15E
:106260006C490165A06BFCF71AFF002811D0A06BE8
:10627000016D01B0BDE8F040084783060FD59306D5
:106280000DD52046BDE8F84001F0A2BE2046FFF73C
:106290008DFFF8BD2046FFF789FF2564F8BD266B0A
:1062A0002023012E79D1C60677D5D60675D5086884
:1062B000486800904869400640D5A16B086840686E
:1062C0000004000CEAD0A28D8242E7D9E085C869BB
:1062D000B0F5807F2DD020680C3050E8001F21F4ED
:1062E000807140E80012002AF5D12068143050E88F
:1062F000001F21F0010140E80012002AF5D12068BA
:10630000143050E8001F21F0400140E80012002A3C
:10631000F5D184F83E30256320680C3050E8001F2A
:1063200021F0100140E80012002AF5D1A06BFCF723
:106330006DFEA08DE18D401A81B229E0A08DE18D26
:10634000401A81B2E08D0028A8D00029A6D020688C
:106350000C3050E8002F22F4907240E80026002E06
:10636000F5D12068143050E8002F22F0010240E8F7
:106370000026002EF5D184F83E30256320680C30CD
:1063800050E8002F22F0100240E80023002BF5D146
:106390002046FFF7E7FEF8BDFFE705062BD51506FB
:1063A00029D594F83D002128F5D1A068B0F5805F8B
:1063B00001D12069B0B1206A411C216221680078B6
:1063C0004860E08C401E0004000CE084E3D12068AB
:1063D000C16821F08001C1602068C16841F04001BE
:1063E000C160D8E7206A0088C0F308004860206ACE
:1063F000801C2062E5E74006CDD55006CBD5CA68A3
:10640000204622F04002CA6084F83D3000F0D9F9FD
:10641000C1E70000717E000870B5040023D0A069B8
:106420003B4900283B4A3C4B3C4D20681DD08842EC
:106430000CD090420AD0984208D0A84206D04FF41F
:10644000B97137A002F0F2F8A06908B3A069B0F5FD
:10645000807F1DD0B0F5007F1AD0B0F5407F17D0F7
:1064600040F2731111E0012070BD884210D09042BB
:106470000ED098420CD03949884209D03849884218
:1064800006D0A84204D040F2771125A002F0CEF841
:10649000A06838B1B0F5805F04D040F2791120A037
:1064A00002F0C4F8E06938B1B0F5004F04D04FF401
:1064B000BD711BA002F0BAF894F83D00002520B988
:1064C00084F83C50204600F04DF8242084F83D002C
:1064D0002068C16821F40051C160204601F0D8FD58
:1064E0002068016921F4904101612068416921F02F
:1064F0002A0141612068C16841F40051C1602564EE
:10650000202084F83D0084F83E00002070BD00008B
:1065100000100140004400400048004000140140C9
:106520002E2E2F447269766572732F53544D333279
:10653000463478785F48414C5F4472697665722FC3
:106540005372632F73746D3332663478785F686189
:106550006C5F756172742E6300000000004C004097
:10656000005000402DE9F04F87B0064614216846E0
:10657000FAF716F95E495D4DD6F800C05C4810394F
:10658000032702220123DFF86CB100244FF00069D9
:106590004FF4806AAC453AD1056845F400250560A2
:1065A000006800F400200590086840F001000860D1
:1065B0000868009700F0010005900820CDE903402D
:1065C00069465846CDE90123FDF74AF84B4D4A4844
:1065D0002860C5E90194C5E9034A6C614FF4803035
:1065E000AC61C5E9074028466C62FCF73BFE08B188
:1065F000FCF725FAB563002205213420AE63FDF7D0
:1066000055FE3420FDF720FE07B0BDE8F08FDFF81F
:10661000F0800725C4454BD1076847F40037076071
:10662000006800F400300590086840F00100086040
:106630000868694600F0010005900C208DE80D0007
:10664000CDE903255846FDF70BF82C4D2A48603557
:1066500048302860C5E90194C5E9034A4F466C619A
:106660004FF40039AC61C5E90749D04628466C6251
:10667000FCF7F8FD08B1FCF7E2F9B563AE631F4D16
:106680001D48C0356030E5E802074020A5E811014B
:106690001A4845F81449C030AC61C5E907496C6235
:1066A000FCF7E0FD08B1FCF7CAF97563AE63ABE730
:1066B000144B9C45A8D1036843F480230360006811
:1066C00000F480200590086840F002000860086827
:1066D000049500F0020005904FF440608DE89500AD
:1066E00069460948FCF7BCFF8EE70000004C0040FB
:1066F0004038024000000240406002409405002003
:1067000000440040004800400004024070477047C9
:106710002DE9F843044690F83D001F4616460D4605
:1067200020284CD1C5B1BEB194F83C00012846D018
:10673000012084F83C004FF00008C4F8408021207C
:1067400084F83D00FDF73CF9A6848146E684A06804
:10675000B0F5805F03D004E00120BDE8F883206934
:1067600028B12E465FF0000584F83C800EE000263C
:10677000FAE78021204601F0A3FDA0B9AEB116F8DA
:10678000010B21684860E08C401EE084E08C4B46A1
:106790004FF0000200970028EBD14FF04001204657
:1067A00001F08EFD30B10320D7E735F8020BC0F3BE
:1067B0000800E6E7202084F83D000020CDE7022015
:1067C000CBE77047FEE700000C480021C1808288BB
:1067D0004FF6FF739A4202D28288521C82808288CE
:1067E000052A05D3027822B1817001708180C180B1
:1067F0007047417001220270F8E700000800002095
:106800000B4800218180C1884FF6FF72914202D26D
:10681000C188491CC180017829B1417802780121E1
:106820001AB1817070478178F8E7417070470000B5
:106830000800002001684A69D24352050FD46FF462
:1068400080624A61002140F8301F20224273817328
:10685000026942F0040202610173012070470020C6
:10686000704700002DE9F84F0446006889460B9DEB
:1068700001689846174641F480610160206801680C
:1068800041F48071016000954FF0011B00225946D0
:1068900020460A9B00F0DEF84FF4007A40B12068F1
:1068A0000068C00501D5C4F840A00320BDE8F88FFA
:1068B000216809F0FE0008612B46284920460A9A03
:1068C00000F0FCF8F0BB20684169806900902A461E
:1068D00020460A9900F070F940B1206C04283AD1A2
:1068E0002068016841F40071016034E0FEB2B8F143
:1068F000010F09D02168380A08612A4620460A9902
:1069000000F05AF90028E8D1206806612A4620469E
:106910000A9900F051F90028DFD12068016841F49C
:106920008071016000950022594620460A9B00F0C4
:1069300091F80028B3D1216809F0FF0040F0010070
:10694000086100E007E02B46044920460A9A00F05F
:10695000B5F80028AAD00120A8E700000200010035
:106960002DE9F843044600680D46DDE90897016803
:106970009846164641F4807101604B4600224FF064
:1069800001112046009700F065F848B120680068C2
:10699000C00502D54FF4007020640320BDE8F883E1
:1069A000216805F0FE0008613B464A46154920462D
:1069B00000F084F888B920684169806900903A46FF
:1069C0004946204600F0F8F848B1206C042804D16C
:1069D0002068016841F4007101600120DEE7F5B232
:1069E000B8F1010F09D02168300A08613A464946DA
:1069F000204600F0E1F80028E7D12068056100207A
:106A0000CCE700000200010070B516460D460446B2
:106A10000DE02046FFF70EFF08B1012070BD681C95
:106A200005D0FCF7CDFF801BA84207D835B1206800
:106A30004069C0434007ECD4002070BD002044F8FA
:106A4000300F20216173A073216941F02001216181
:106A50002073E2E72DE9F0471E4690460D460446B6
:106A6000C1F30747DDF8209008E0701C06D0FCF762
:106A7000A7FFA0EB0900B0420FD876B12068012F24
:106A800018D0806925EA00000004000C14D0002111
:106A90004145EAD00020BDE8F087002044F8300FDF
:106AA00020216173A073216941F0200121612073CD
:106AB0000120F0E74069E5E70121E9E72DE9F0472A
:106AC0009A4691460E46044600254FF02008C1F331
:106AD000074725E020684069C043400514D420687A
:106AE000016841F40071016021686FF480604861C1
:106AF000256384F83D8084F83E50206C40F004000B
:106B0000206484F83C501FE0B9F1FF3F08D0FCF747
:106B100057FFA0EB0A0149450CD8B9F1000F09D085
:106B20002068012F13D0806926EA00000004000CC1
:106B30000BD0CFE744F8305F84F80D80A57320694F
:106B400040F02000206125730120BDE8F0874069F6
:106B5000EAE72DE9F041002590460E46044620273D
:106B600017E04069C043C0060CD454F8301B6FF0E6
:106B70001000486144F810596777A577206A2062B1
:106B8000257717E0FCF71CFFA0EB0800B04208D8FF
:106B90003EB120684169C9434906E2D40020BDE8FE
:106BA000F08144F8305F6773A573206940F02000DE
:106BB000206125730120F2E770B516460D460446A4
:106BC0000DE02046FFF736FE08B1012070BD681CBD
:106BD00005D0FCF7F5FE801BA84207D835B1206828
:106BE0004069C0430006ECD4002070BD002044F88A
:106BF000300F20216173A073216941F020012161D0
:106C00002073E2E70B000AD0022808D20449C0EB47
:106C1000C00001EB80011C221846F9F787BD7047C0
:106C20007802002010B50024204601F0D4FD0F4961
:106C30000122086010210E48FCF78CFE0122082179
:106C40000C48FCF787FE002000F016F800B901247C
:106C5000012000F011F808B944F00204002000F00F
:106C60007DF8012000F07AF8204610BD04000010E5
:106C7000000802400004024010B50446A5224A2143
:106C800000F0F6F8142001F099FD0121204600F0F3
:106C900041F86A2801D0002010BD0E227D21204637
:106CA00000F0E6F8142001F089FD0322412120467E
:106CB00000F0DEF8052001F081FD8B224021204606
:106CC00000F0D6F8052001F079FD0022432120468E
:106CD00000F0CEF8052001F071FDCB2242212046C4
:106CE00000F0C6F80A2001F069FD032206212046C3
:106CF00000F0BEF8012001F061FD012010BD000090
:106D000020B102210248006801F07CBD0121F9E7B1
:106D100004000010FEB500220F4E00EB400541F0CC
:106D20008001019206EB85048DF8041002922189FE
:106D30006068FCF70FFE0A20009056F82500022339
:106D400002AA01A9FEF7EEF8218901226068FCF78A
:106D500001FE9DF80900FEBD20AE0008F0B53F4BD6
:106D6000054689B00FCB05AC3C4F84E80F000020EE
:106D700005EB4506183F07EB86040190029003904F
:106D80000490218900226068FCF7E4FD0A2000904D
:106D900057F826000D2301AA05A9FEF7C3F80646F9
:106DA000218901226068FCF7D5FD002E53D1BDF882
:106DB0000500BDF80B3040BA02B2BDF807005BBA5F
:106DC00040BA00B200EE100A1CB2BDF80D30F8EE69
:106DD000C00A9FED230A23485BBA60EE800AC5EB28
:106DE000C5051EB200EB8500BDF80910BDF80F30D7
:106DF000C0ED000A00EE902A49BA09B2F8EEE00AA6
:106E00005BBA1BB260EE800AC0ED010A00EE901A78
:106E10001649F8EEE00A20EE800A80ED020A00EE44
:106E2000106AF8EEC00A9FED100A60EE800AC0ED0D
:106E3000030A00EE904AF8EEE00A60EE800AC0ED28
:106E4000040A00EE903AF8EEE00A20EE800A80EDA7
:106E5000050A4968816109B0F0BD000038AE00083C
:106E600040DAFF397802002023DB793D001000E092
:106E7000FEB501F07F018DF804100E4E00EB4005C9
:106E80008DF80520002106EB85040291218900225E
:106E90006068FCF75FFD0A20009056F82500022389
:106EA00002AA01A9FEF73EF8218901226068FCF7D9
:106EB00051FDFEBD20AE00083EB564248DE81C00E7
:106EC00040000A46014601230148FCF7C3FE3EBDCF
:106ED0002001001017B583B06424012305AA8DE8B2
:106EE0001C0040000A4601460248FCF7D3FF06B0EA
:106EF00010BD000020010010FBF7B8BC70B50546BE
:106F000034480C468EB0042300220321006801F0AF
:106F1000A3FC002808DAFFF757FCFBF7BDFC84ED63
:106F2000000A00200EB070BD10F0010FC0F3400643
:106F300002D00020FFF712FF16B10120FFF70EFF6D
:106F400069460020FFF75EFE07A90120FFF75AFE01
:106F500007A96846FBF7D8FC1F4840680699411A04
:106F600000EE101A1D49B8EE401A91ED000A0D9975
:106F7000F8EE401A401A1A49C1EE210A01EE100A31
:106F8000F8EE401AB8EE411A81EE210A10EE900A8E
:106F9000884208DC10EE100A884204DC07A9684623
:106FA000FBF790FB10B1FFF70FFC01E0FFF728FCA7
:106FB0000C4800784FF01C0248B107A92846F9F7A1
:106FC000B5FBFBF769FC84ED000A0120AAE76946DE
:106FD000F4E7000004000010001000E0580000106A
:106FE0008FC2753B080000207FB500211C4800912E
:106FF00001910291194A0391026001244FF4003279
:107000000461C0E90121017680F82010154AC0E929
:107010000A210225C561C16080F830104461FBF788
:10702000B5FE08B1FBF70BFD0A20CDE900040620F0
:10703000029069460A48FBF7BFFD08B1FBF7FFFC69
:107040000B20CDE90005694602940548FBF7B4FD25
:10705000002801D0FBF7F3FC7FBD000000200140B9
:10706000D80000100100000F214808B5016841F464
:1070700080010160016801F480010091016841F420
:10708000001101600068002200F400100090072148
:107090000D20FDF70BF90D20FDF7D6F80022082191
:1070A0000E20FDF703F90E20FDF7CEF8002208218F
:1070B0000F20FDF7FBF80F20FDF7C6F80022062190
:1070C0001020FDF7F3F81020FDF7BEF8002206218E
:1070D0001120FDF7EBF81120FDF7B6F8002205218D
:1070E0004420FDF7E3F8BDE808404420FDF7ACB8C4
:1070F0003038024010B504490448FBF7A2FC0249AD
:10710000491E087010BD0000310000201C00002046
:1071100010B500223A4B11463A4801F0EBFC3A4CCC
:10712000374A1321E063903A182001F03DFC344ABD
:107130006062783A2221012001F036FC304AA062D8
:10714000603A2021012001F02FFC2D4AE062483AEC
:107150000121082001F028FC294A2063303A0C2143
:10716000012001F021FC264A6063183A0121042025
:1071700001F01AFCA063254A0021254801F074FCA7
:10718000224A206024320021224801F06DFC1F4A6F
:10719000606048320021204801F066FC1B4AA06074
:1071A0006C3200211D4801F05FFC184AE06090320B
:1071B00000211B4801F058FC144A2061B432002120
:1071C000184801F051FC114A6061D832002116487C
:1071D00001F04AFC0A4AA061D83A0021134801F0A4
:1071E00043FC074AE061B43A0021114801F03CFC3D
:1071F00020620348103001F0EEFA206410BD000058
:107200001CB000088D7700080800001048AE000888
:10721000A9780008B3780008D7780008CB78000870
:10722000A1780008DF780008CF780008C37800084C
:10723000BB7800082DE9F04F87B014216846F9F7B4
:10724000AFFA49480024016841F004010160016877
:1072500001F004010591016841F0800101600168BD
:1072600001F080010591016841F0010101600168B0
:1072700001F001010591016841F00201016001681E
:1072800001F002010591016841F008010160006808
:10729000DFF8D89000F00800059001221021484640
:1072A000FCF758FBDFF8C8B041F20828012241463C
:1072B0005846FCF74FFB4EF2EC300325CDE90005B4
:1072C000694602944846FCF7CBF948F2100000905A
:1072D0004FF48810CDE90104DFF898A069465046C4
:1072E000FCF7BEF9102001270226CDE90007CDE901
:1072F000024669464846FCF7B3F940F21710CDE95B
:107300000005694602945846FCF7AAF9CDE9024601
:10731000CDE9008769465846FCF7A2F9F002CDE9AD
:107320000005694602945046FCF79AF90420CDE91D
:10733000000602940820CDE9035069460E48FCF788
:107340008FF9002205210A20FCF7B0FF0A20FCF784
:107350007BFF002205212820FCF7A8FF2820FCF74E
:1073600073FF07B0BDE8F08F3038024000080240DC
:107370000004024000000240000C02400D4810B51D
:107380000B4901600C49416000214FF4804281604B
:10739000C0E9031241618161C1610162FCF716FB22
:1073A000002803D0BDE81040FBF749BB10BD00002A
:1073B0000054004020010010801A0600094810B552
:1073C000074901600021416040F6FF718160FCF7D0
:1073D00053FE002803D0BDE81040FBF730BB10BDC2
:1073E0000030004074010010104810B50E490160D3
:1073F0004FF482714160002102228160C0E90312D2
:1074000001224261520282611822C0E907214162D1
:1074100081620A21C162FDF7B9FB002803D0BDE8F3
:107420001040FBF70CBB10BD003001408001001084
:10743000104810B50E4901604FF48271416000217F
:107440008160C1604FF400720161C0E90512302211
:10745000C0E90721416281620A21C162FDF796FB02
:10746000002803D0BDE81040FBF7E9BA10BD0000CA
:1074700000380040D8010010104810B50E490160D6
:107480004FF482714160002102228160C0E9031241
:1074900001224261520282611022C0E90721416249
:1074A00081620A21C162FDF771FB002803D0BDE8AB
:1074B0001040FBF7C4BA10BD003C00403002001081
:1074C00010B596B000240F94109411941294139454
:1074D0001C2168461494F9F763F9202107A8F9F7ED
:1074E0005FF934483249C0E9001440F21711C0E98D
:1074F0000241046144618461FDF776FF08B1FBF746
:107500009EFA4FF480500F900FA92A48FEF7F2F828
:1075100008B1FBF794FA2748FEF720FD08B1FBF706
:107520008EFA139413A923481494FDF7B5FE08B1FD
:10753000FBF785FA6020CDE90004029403940494DB
:107540000594002269461B480694FEF7D3FB08B158
:10755000FBF775FA042269461648FEF7CBFB08B123
:10756000FBF76DFA082269461248FEF7C3FB08B123
:10757000FBF765FA0C2269460E48FEF7BBFB08B123
:10758000FBF75DFA0794089409944FF400500A94AD
:10759000CDE90B4007A907480E94FDF7D9FD08B1C6
:1075A000FBF74DFA0348FEF761FB16B010BD000073
:1075B000000001404803001010B58AB00024079471
:1075C0001C2168460894F9F7EBF816481449C0E9FD
:1075D00000144AF25501C0E9024104618461FEF7DA
:1075E000BDFC08B1FBF72BFA079407A90D480894D6
:1075F000FDF752FE08B1FBF722FA6020CDE9000446
:1076000002940422694607480494FEF773FB08B10C
:10761000FBF715FA0348FEF729FB0AB010BD00007E
:1076200000040040900300100C4810B50A490160A6
:107630004FF416514160002181600C22C160C0E905
:1076400004128161C161FEF7E7FE002803D0BDE8A6
:107650001040FBF7F4B910BD004C0040C8040020F6
:107660000D4810B50B4901600C4941600021816053
:107670000C22C160C0E9041281614FF40041C16174
:10768000FEF7CAFE002803D0BDE81040FBF7D7B9CB
:1076900010BD0000004400400C050020A06806005A
:1076A0000C4810B50A4901604FF4E13141600021F6
:1076B00081600C22C160C0E904128161C161FEF7E2
:1076C000ABFE002803D0BDE81040FBF7B8B910BDF1
:1076D0000048004050050020FEE7FEE71422014963
:1076E000F9F724B86402002010B50120FBF78EFFE3
:1076F000062229212C20FFF7EDFB00280DD10822BE
:107700000B212C20FFF7E6FB002806D1C7220A2117
:10771000BDE810402C20FFF7DDBB10BD1CB50020DC
:107720000090019006236A4601212C20FFF7C4FB3C
:10773000002826D1BDF90010124800EE101A018071
:10774000F8EEC00A9FED100ABDF90220428060EEFB
:10775000800ABDF904308380C0ED020A514200EE78
:10776000901A5942F8EEE00A60EE800AC0ED030A72
:1077700000EE901AF8EEE00A20EE800A80ED040A8E
:1077800000201CBD6402002065CF8B3970470000CB
:1077900038B504461248134B0068B0FBF3F04FF4C1
:1077A0007A73584300906068B0F5827F0DD10B4624
:1077B000009200228021204600F016F870B1606D22
:1077C00040F020006065032038BD009830B1401EB5
:1077D000009020688068C0430006F6D5002038BDC0
:1077E0005800001000366E012DE9F8431E46914600
:1077F00088460446089DFCF7E3F8401B351AFCF761
:10780000DFF8074625480068C0F3CB30684338E00E
:10781000701C37D0FCF7D4F8C01BA84203D215B1B6
:10782000009860B32CE02068416821F0E0014160DD
:107830006068B0F5827F0BD1A068B0F5004F02D030
:10784000B0F5806F04D12068016821F0400101602B
:10785000A06AB0F5005F09D12068016821F40051E9
:1078600001602068016841F400510160012084F842
:107870005100002084F850000320BDE8F883002563
:10788000401E00902068816838EA010004D0002181
:107890004945BDD10020F0E70121F9E7580000106B
:1078A000012000F08BFFFBE704462046FAF76CFE50
:1078B000FBE7012000F082FFFBE7012000F07EFFE4
:1078C000FBE7012000F07AFFFBE7FAF767BE012033
:1078D00000F074FFFBE7012000F070FFFBE70120E0
:1078E00000F06CFFFBE710B54FF0E020006902F0FC
:1078F0007FFD012803D0BDE8104002F03FBA10BD63
:1079000030B593B030216846F8F74AFF14210CA82F
:10791000F8F746FF1F480025016841F080510160DB
:10792000006800F0805011901B48016841F48041CC
:1079300001600068022400F480401190092000904A
:107940004FF4803001900120CDE9050480050790B7
:10795000102008904FF4A870CDE9090404200B9082
:107960006846FCF7BFFE08B172B6FEE70CA90F200F
:1079700081E831004FF4A0500F904FF480501090E8
:1079800005210CA8FCF722FD002801D072B6FEE705
:1079900013B030BD4038024000700040024801681A
:1079A00041F470010160704788ED00E00148FEF786
:1079B000AAB80000B4060020F0B50268254C264D98
:1079C000264E274F274B4FF0804CA04209D06045F0
:1079D00007D0A84205D0B04203D0B84201D09842A7
:1079E00004D122F0700E4A6842EA0E02A0421BD077
:1079F000604519D0A84217D0B04215D0B84213D074
:107A0000984211D0184DA8420ED0184DA8420BD064
:107A1000174DA84208D0174DA84205D0164DA842D0
:107A200002D0164DA84203D122F44075CA682A43F9
:107A30004D6922F080022A4302608A68C2620A68A5
:107A40008262A04201D0984201D1096901630121FB
:107A50004161F0BD0000014000040040000800400A
:107A6000000C00400004014000400140004401407F
:107A70000048014000180040001C00400020004069
:107A800010B5846842EA032224F47F440A43224367
:107A9000826010BD826822F070020A4342F0070142
:107AA000816070472DE9F0470446006A0D4620F0DA
:107AB00001002062206A6768A169AE6821F0730244
:107AC000296820F00200DFF880900643DFF87CA0F0
:107AD00041EA02084C4501D054450ED1E86830B166
:107AE000082804D041F6CB2119A000F09FFDE868DA
:107AF00026F00801084320F004064C4501D0544507
:107B000019D1A869B0F5007F05D020B141F6D82180
:107B10000FA000F08BFD6869B0F5807F05D020B123
:107B200041F6D9210AA000F081FD27F4407168696F
:107B3000AF69084307436760C4F8188068686063EA
:107B40002662BDE8F087000000000140000401400B
:107B50002E2E2F447269766572732F53544D333233
:107B6000463478785F48414C5F4472697665722F7D
:107B70005372632F73746D3332663478785F686143
:107B80006C5F74696D2E63002DE9F0470446006A4E
:107B90000D4620F010002062206A6768A1692A68FB
:107BA00021F4E64141EA0228A968DFF8889020F034
:107BB0002000DFF884A040EA01164C4501D054456E
:107BC0000FD1E86830B1082804D041F616311BA067
:107BD00000F02CFDE96826F0800040EA011020F05A
:107BE00040064C4501D054451BD1A869B0F5007F33
:107BF00005D020B141F6243110A000F017FD6869CE
:107C0000B0F5807F05D020B141F625310BA000F002
:107C10000DFD696927F4406040EA8100A96940EAE6
:107C200081076760C4F818806868A0632662BDE8B1
:107C3000F087000000000140000401402E2E2F4478
:107C40007269766572732F53544D333246347878A7
:107C50005F48414C5F4472697665722F5372632F9F
:107C600073746D3332663478785F68616C5F746901
:107C70006D2E63002DE9F0470446006A0D4620F49E
:107C800080702062206A6768E169DFF8949021F0D3
:107C90007302296820F4007041EA0208A968DFF83D
:107CA00084A040EA01264C4501D054450FD1E86834
:107CB00030B1082804D041F661311BA000F0B6FCB9
:107CC000E96826F4006040EA012020F480664C4513
:107CD00001D054451BD1A869B0F5007F05D020B173
:107CE00041F66E3110A000F0A1FC6869B0F5807F0C
:107CF00005D020B141F66F310BA000F097FC696907
:107D000027F4405040EA0110A96940EA0117676072
:107D1000C4F81C806868E0632662BDE8F087000054
:107D200000000140000401402E2E2F447269766548
:107D300072732F53544D3332463478785F48414C38
:107D40005F4472697665722F5372632F73746D335B
:107D500032663478785F68616C5F74696D2E630099
:107D60002DE9F0410446006A0D4620F4805020625F
:107D7000206A6668E1692A6821F4E64141EA02283E
:107D8000A96820F4005040EA01370E48844202D02E
:107D90000D4884420ED16869B0F5807F05D020B1CE
:107DA00041F6AD3109A000F041FC696926F480403C
:107DB00040EA81166660C4F81C8068682064276207
:107DC000BDE8F08100000140000401402E2E2F4448
:107DD0007269766572732F53544D33324634787816
:107DE0005F48414C5F4472697665722F5372632F0E
:107DF00073746D3332663478785F68616C5F746970
:107E00006D2E630010B5036A046A24F00104046255
:107E1000846924F0F00444EA021423F00A020A43BD
:107E20008461026210BD10B5036A23F0100303627F
:107E30008369046A23F4704343EA023224F0A00306
:107E400043EA01118261016210BD10B501F04CFBE3
:107E5000002805D0D0E90021BDE8104008461047B1
:107E600010BD00000148FEF7A3B90000C8040020BF
:107E700010B5806B0021C185C184FEF797F910BD54
:107E800070B5846B2068406994F83D10C0F3C01051
:107E90000025212904D118B1E584204600F08AF894
:107EA0002068406994F83E10C0F38010222904D164
:107EB00018B1E585204600F056F8206C40F010001F
:107EC00020642046FEF772F970BD10B50146806B44
:107ED00009680968C9052FD40021C18501680C31E2
:107EE00051E8002F22F4807241E80023002BF5D1E5
:107EF0000168143151E8002F22F0010241E800230B
:107F0000002BF5D10168143151E8002F22F0400216
:107F100041E80023002BF5D1202180F83E10016BB1
:107F2000012909D101680C3151E8002F22F010021B
:107F300041E80023002BF5D1016B012902D0FEF7A7
:107F4000E5FB10BD818DFEF70DF910BD10B5806BFE
:107F5000016B012902D0FEF7DAFB10BD818D4908C3
:107F6000FEF700F910BD01680C3151E8002F22F432
:107F7000907241E80023002BF5D10168143151E8DB
:107F8000002F22F0010241E80023002BF5D1016B04
:107F9000012909D101680C3151E8002F22F01002AB
:107FA00041E80023002BF5D1202180F83E1000216C
:107FB0000163704701680C3151E8002F22F0C002C4
:107FC00041E80023002BF5D1202180F83D107047B7
:107FD00008B590F83E10222901D0022008BD826821
:107FE0004FF480539A4201D1016921B1816A9A42CA
:107FF0001BD04AB10AE00268816A5268C2F30802E3
:108000000A80816A891C08E0026972B102685268BC
:1080100002F07F020A70816A491C8162C18D491E8B
:108020000904090CC18503D019E002685268F1E720
:108030000168CA6822F02002CA600168CA6822F496
:108040008072CA6001684A6922F001024A612021F7
:1080500080F83E10016B012903D0FEF757FB00208A
:1080600008BD0021016301680C3151E8002F22F0A6
:10807000100241E80023002BF5D101680A68D206FE
:1080800002D50A6849680091818DFEF76BF8E6E732
:1080900070B5044640685449884204D940F6566198
:1080A00052A000F0C3FAE06838B1B0F5005F04D028
:1080B00040F657614DA000F0B9FA206950B1B0F513
:1080C000806F07D0B0F5C06F04D040F6586147A06C
:1080D00000F0ACFA60694FF6F371084200D120B9A4
:1080E00040F6596141A000F0A1FA20680169E268F8
:1080F00021F44051114301612169A068E2690843FC
:108100006169114322680843D16849F20C639943BD
:108110000143D16020684169A26921F44071114393
:10812000416141492068884202D04049884202D1D9
:10813000FCF7A2FA01E0FCF78FFAE26900231921AB
:1081400064253226B2F5004F626828D0A0FB0101F9
:10815000930F9200F8F7FAF80146B0FBF5F06FF0D4
:108160001802504301EB800006EB0010B0FBF5F065
:1081700000F0F002B1FBF5F002EB0012B1FBF5F0FC
:108180006FF01803584301EB800006EB0010B0FBC2
:10819000F5F000F00F0021681044886070BDA0FB6E
:1081A000010192185B41F8F7D1F80146B0FBF5F0F8
:1081B0000201B1FBF5F06FF01803584301EB8000AA
:1081C00006EBC000B0FBF5F000F0F80002EB400257
:1081D000B1FBF5F0584301EB800006EBC000B0FBAB
:1081E000F5F000F00700D6E7A037A0002E2E2F44B0
:1081F0007269766572732F53544D333246347878F2
:108200005F48414C5F4472697665722F5372632FE9
:1082100073746D3332663478785F68616C5F756152
:1082200072742E6300000000001001400014014031
:1082300038B58162828500251346044605642220F4
:1082400084F83E00A26B1B48D063A26B1A481064EE
:10825000A26B1A48D064A06B0A4605652168A06B22
:10826000091DFBF76FF9206801684068009084F8E9
:108270003C5020680C3050E8001F41F4807140E809
:108280000012002AF5D12068143050E8001F41F098
:10829000010140E80012002AF5D12068143050E8AE
:1082A000001F41F0400140E80012002AF5D10020F3
:1082B00038BD0000CB7E00084D7F0008817E00089D
:1082C0002DE9F041984617460E460446069D27E0E4
:1082D000681C25D02DB1FBF773FBA0EB0800A8426A
:1082E0001ED920680C3050E8001F21F4D07140E8FE
:1082F0000012002AF5D12068143050E8001F21F048
:10830000010140E80012002AF5D1202084F83D0048
:1083100084F83E00002084F83C000320BDE8F08192
:108320002068006836EA000004D00020B842CFD0B0
:108330000020F3E70120F9E70248012101700078ED
:10834000704700001800002001207047002070478F
:1083500002480121017000787047000018000020D9
:1083600000207047FEE703B401984100009850EAEE
:10837000C12018BF04204A0D18BF40F0010040F290
:10838000FF72B2EB515F08BF40F00200012808BF46
:10839000052002B070470907090E002804DB00F130
:1083A000E02080F80014704700F00F0000F1E0209A
:1083B00080F8141D7047000030B52DED048B81B09E
:1083C000B0EE408AF0EE608A6A4651EC180B00F07D
:1083D0002FF900989FED329B7E300090002821DC21
:1083E00053EC192B51EC180B02F070FA1AD0002143
:1083F00040F608004FF00000044651EC180B02F064
:108400001FFA08EE100A40F6080004EA00014FF0D7
:108410000000B5EEC08AF1EE10FA04BF0220F8F7B2
:108420001EFA2DE00098FF2830DB002108464FF0AF
:10843000000000F4400553EC192B51EC180B02F02E
:10844000BBFB8CBF002401240220F8F708FA9FED43
:10845000168A4DB1002C0CBF4FF400004FF4800081
:10846000A84218BF9FED118A042108464FF0000072
:10847000002C01BFB1EE480A01B0BDEC048B30BD49
:10848000B0EE480A01B0BDEC048B30BD51EC180BC6
:1084900002F0D6F901B000EE100ABDEC048B30BD3D
:1084A00000000000000000000000807FFFFF7F7FD1
:1084B00030B583B00446F8F7CDF99FED090B0546BA
:1084C0008DED000B002221466846F8F721FC284676
:1084D000F8F7C5F99DED000B03B030BD00000000BA
:1084E000000000000000000030B540F2FF742DEDE8
:1084F000048BF0EE608A18EE901A85B0B0EE408AD8
:108500009FED2B9B05468DED008B34EA115147D032
:1085100053EC192B51EC180B02F0D8F940D02A4635
:1085200051EC180B02F030FC41EC180B18EE900ADD
:108530008DED008B34EA10501CD053EC192B51EC0C
:10854000180B02F0C3F92BD10220F8F788F900F0DC
:1085500043F810EE901A18EE900A8DED020B8DED97
:10856000008B61F31E0003909DED020B05B0BDEC86
:10857000048B30BD0220F8F772F900F01DF810EE00
:10858000901A18EE900A8DED020B8DED008B61F3C1
:108590001E0003909DED020B05B0BDEC048B30BDB9
:1085A00005B0B0EE480AF0EE680ABDEC048B30BDB1
:1085B00000000000000000009FED050B10B553EC1B
:1085C000102B51EC100B02F0F9F941EC100B10BD1F
:1085D00000000000000000709FED050B10B553EC8B
:1085E000102B51EC100B02F0E9F941EC100B10BD0F
:1085F000000000000000001010B5044691ED000BD3
:10860000FFF7DAFE84ED000A10BD10B5044690EDC8
:10861000000B0846FFF768FF84ED000B10BD3038F3
:108620000A2801D2012070470020704770470000DF
:1086300010B582B01446CDE900010023009A2360F2
:10864000194B21F0004098422ADA024328D0B0F5B5
:10865000801FA8BF226810DA9FED150B53EC102B7A
:108660009DED000B51EC100B02F0A8F9CDE90001D3
:108670006FF0350221F0004022600F4B6FF31E5166
:1086800003EB20501044206041F0FF5040F00050B8
:1086900001909DED000B00BF02B051EC100B10BD1E
:1086A0009DED000BF8E700000000F07F00000000E7
:1086B000000000000000504302FCFFFFFBF754FDE8
:1086C000FFF71EF9FEF7B6FDFEF78EFCFEF7CCFCB9
:1086D000FEF7F6FEFEF752FEFEF786FEFEF7A8FE58
:1086E000FEF7CAFEFEF768FFFEF79EFFFEF7D8FF13
:1086F000FEF700FDFEF7B4FFFEF760FE00F0DEF8C7
:10870000FEF706FD00F0ECF8FEE700002DE9F04171
:108710000C4605462E21F7F765FF010003D0002324
:108720006FF02F0609E00020BDE8F08115F8010B7D
:1087300003EB830206EB420283188D42F6D300223C
:10874000104605E002EB820206EB42022A44401C7E
:1087500011F8015FA5F13007092F07D80528F1DBD3
:1087600006E000BF02EB82014A00401C0528F9DB4D
:10877000642093FBF0F593FBF0F100FB11300C4B00
:10878000D117C0FB03210B4E0023A2FB060701FB00
:10879000067102FB0311084AF7F74FFE3246C5FB8C
:1087A0000201532C01D0572CBED14042BCE700003F
:1087B000A086010080969800808D5B0010B5EFF3D5
:1087C000058111B16FF0050403E0002408B101F048
:1087D0000BF8204610BD10B54FF00001EFF30582F5
:1087E0006AB948B1D0E902202AB1202807D310463F
:1087F00001F062F902E010B901F050F901460846B3
:1088000010BD000038B50C4610B1210E002902D071
:108810006FF0030038BDEFF30581B1B10021009185
:108820006A46214601F0A4F960B10099204600296A
:10883000F0D0084A4FF080511160BFF34F8FBFF363
:108840006F8F38BD6FF0020038BD214601F04AF944
:1088500038BD000004ED00E0F8B51D4616460C4694
:1088600010B1210E002902D06FF00300F8BDEFF324
:10887000058111B16FF00500F8BDF10701D00123AA
:1088800000E00023B10701D5002200E001222146CB
:10889000009501F075F9F3076FF001016FF0020226
:1088A00006D0844306D1F8BD0846F8BD1046F8BD91
:1088B0000442FCD1002DF9D0F6E70000EFF305806B
:1088C00010B16FF0050070470448016811B14FF016
:1088D000FF30704701210160002070473800002000
:1088E00010B5EFF3058010B16FF0050010BD08481A
:1088F0000168012902D04FF0FF3010BD054A002168
:1089000082F8141D0221016001F036F8002010BD2C
:10891000380000200BE000E0F8B51D466FF00302C0
:108920006FF002064FF00004EFF30583A3B1F0B13E
:10893000E9B1E5B9002200926A4601F079FC01280C
:1089400017D10098B0B10C494FF080500860BFF3C8
:108950004F8FBFF36F8F0DE048B141B12A4601F050
:10896000CBFB012806D025B16FF0010402E01446CC
:1089700000E034462046F8BD04ED00E0002810D0A9
:10898000EFF3058171B15022EFF3118182F3118869
:10899000BFF34F8FBFF36F8FC26B806B101A81F3E1
:1089A0001188704700F0DBBDF8B514464FF00005A4
:1089B000EFF3058212BB08B301B3A4B1D4E90232CC
:1089C00063B1502A1AD32269C2B1676900FB01F66C
:1089D000B74213D3009501F008FA07E072B9226993
:1089E00062B9626952B9002201F0DEF9050005D0D2
:1089F0000CB1216800E0002100F0C0FE2846F8BD5F
:108A0000F8B51D466FF003026FF002064FF0000448
:108A1000EFF30583ABB100B3F9B1F5B9002213460A
:108A200000926A4601F008FB012818D10098B8B1FD
:108A30000C494FF080500860BFF34F8FBFF36F8F2A
:108A40000EE050B149B100232A4601F045FA012851
:108A500006D025B16FF0010402E0144600E0344670
:108A60002046F8BD04ED00E02DE9FF414FEA010387
:108A70004FF00005EFF30581039549BB40B3802714
:108A8000182100244AB3166806B1344696691EB10F
:108A90003146761E382E02D21679F60703D0002012
:108AA00004B0BDE8F081566906B1B708D2F808C035
:108AB000BCF1000F0DD0D5685C2D18D312693AB106
:108AC00036B18DE806103A46214601F066FC039067
:108AD0000DE0D6685EB912694AB903AACDE9001261
:108AE000BAB2214601F02CFC012800D0039503986E
:108AF000D6E700002DE9FC471C469046894607460C
:108B00004FF00006EFF3058058BB57B3082000F084
:108B10007DFC050025D0C5E90078B9F1000F12D021
:108B20000122114B002094B1216801B10846A168CF
:108B300059B1E4682C2C11D3CDE900312B46012129
:108B400001F0C2FD08E00022EBE7E16831B90093D3
:108B50002B46012101F09EFD060002D1284600F0BF
:108B60009FFD3046BDE8FC874B7E000870B504468B
:108B70000F2924DBE0680178A068FFF7C7FD104DDE
:108B80006860606901782069FFF7C0FDA860A0698E
:108B9000F7F71BFD2870E069F7F717FD6870206A8A
:108BA000FFF786FC51EC100B01F04AFE2861606A69
:108BB000FFF77EFC51EC100B01F042FEE86070BD47
:108BC0003C02002070B504460D291FDBA068104D43
:108BD0000078A87020690178E068FFF797FD686069
:108BE000A06901786069FFF791FDA860E069FFF76F
:108BF0005FFC51EC100B01F023FE6861206AFFF767
:108C000057FC51EC100B01F01BFEA86170BD000079
:108C10003C0200202DE9F041134C0F460546E66862
:108C20002068001D00F088FC681C07D137B121685E
:108C3000BDE8F0410D48091D00F0F1BC2068354445
:108C4000B5424560216805D2A06BBDE8F041091D21
:108C500000F0CDBC606B091D00F0C9FCA06A854224
:108C600000D2A562BDE8F0815C000010F80B002086
:108C70002DE9F041054600F0DFFC2D4CA068401CBA
:108C8000A06020682B4F10B1606930B32BE02560E5
:108C9000A068012827D1002606EB860007EB80009C
:108CA00000F097FC761C382EF6D3234800F091FC98
:108CB0002148143000F08DFC1F48283000F089FC5A
:108CC0001D483C3000F085FC1B48503000F081FC12
:108CD000194860631430A06305E02068E96AC06A3F
:108CE000884200D82560606A401C60626864E86A57
:108CF0002169884200D9206100EB800007EB8000E9
:108D0000291D00F08CFC00F0B7FC606900280CD035
:108D10002068E96AC06A884207D208494FF080504B
:108D20000860BFF34F8FBFF36F8FBDE8F081000085
:108D30005C00001048070020A80B002004ED00E0B4
:108D400038B500F079FC104C2068C8B90F4800F025
:108D500040FC0E48143000F03CFC0C48E06014303D
:108D600020610A4B0020F03B009003F150021021DB
:108D70000A2001F03AF8206010B105A100F0FEFCD5
:108D8000BDE8384000F078BC98000010FC0C0020D2
:108D9000546D72510000000030B4026C0B46002A82
:108DA0000BD0C1681144C1608468A14201D301683D
:108DB000C16030BC1846F7F774BC30BC70472DE971
:108DC000F041856B174604460026026C82B1C7B19C
:108DD000E068F7F766FCE168206C091AE160226838
:108DE000914202D2A168081AE060022F16D017E063
:108DF0002068A8B9A06801F073FB06460020A060B7
:108E00000EE06068F7F74DFC216C60680844606014
:108E1000A168884204D32068606001E005B16D1E3E
:108E20006D1CA5633046BDE8F08110B5044690F88E
:108E3000590058B101280CD002280FD0502080F3DF
:108E40001188BFF34F8FBFF36F8FFEE7206B00F0E9
:108E500027FC2046BDE8104000F022BC10BD0000F9
:108E600010484FF44041420706D0C01D0D4920F084
:108E70000700411AC1F540410B4A00230144C2E9F1
:108E800000030839183A21F0070111604B600B60AC
:108E90000B1AC0E9001393604FF00040536050611B
:108EA00070470000DC130020C4000010144E154C65
:108EB000A6F29C474FF08058DFF84C9012E000BFBC
:108EC00000F0BAFBF068C568281D00F035FBA0680B
:108ED000401EA0606068401E606000F0CDFB284628
:108EE000FFF7A3FF60680028EAD138680128F9D9A4
:108EF000C9F80080BFF34F8FBFF36F8FF2E7000018
:108F0000E40B00205C00001004ED00E070B51D468D
:108F1000049C51B1C4F80020C4E90F01012120468E
:108F200000F096FF84F84C5070BD2460F4E7000018
:108F30002DE9F05F8846DDE90B94154683469100E4
:108F40009A460A9EA522206BF7F722FC6FF00301D8
:108F5000206B01EB8501084420F00707780707D054
:108F6000502080F31188BFF34F8FBFF36F8FFEE760
:108F70000025B8F1000F0FD05FF00000221818F89C
:108F8000001082F8341018F8001011B1401C10289D
:108F9000F4D384F8435001E084F83450382E00D3E1
:108FA0003726E662C4E91365201D00F01DFB04F1BD
:108FB000180000F019FB2461C6F138006462A0615A
:108FC000656584F8585052465946384600F09EFA76
:108FD0002060B9F1000F01D0C9F80040BDE8F09F52
:108FE0002DE9F0471E46DDE9089417460D0080463E
:108FF00015D0002C11D0FFF7A3FE04F11801C4F81E
:10900000008081E86002201D00F0EEFA002F04D0FD
:1090100014F8280F40F004002070BDE8F0875020BD
:1090200080F31188BFF34F8FBFF36F8FFEE700000F
:1090300030B5114900E011460A688242FBD34B6803
:109040005C18844203D1406818444860084643686D
:109050001C18944209D1084C183C2468A24209D03B
:1090600052681A4442600A6812680260814200D065
:10907000086030BD0460F9E7C400001070B500243A
:1090800041600B4D0061914206D8D11A826991422C
:1090900006D2011D286907E09A4203D2994201D302
:1090A000012403E0011DE86800F0A1FA204670BD2C
:1090B0009800001010B5044600F0BEFAA06B28B16D
:1090C0005FF0000400F0D8FA204610BD0124F9E753
:1090D00030B589B03C4D6EE00498002806DADDE931
:1090E0000601059A90470498002864DB069C606995
:1090F00010B1201D00F020FA03A800F0D7F80246B6
:1091000004980A2857D2DFE800F00505052D334AF8
:1091100005052D3394F8280040F0010084F828005C
:109120000599A069059B01442046FFF7A7FF68B396
:10913000216A2046884794F8280040073BD5002044
:1091400000900598A169002342181946204601F0B5
:1091500003FBD8B9502080F31188BFF34F8FBFF3C2
:109160006F8FFEE714F8280F20F00100207022E036
:1091700094F8280040F0010084F828000598A061C8
:1091800028B1811813462046FFF778FF13E05020DE
:1091900080F31188BFF34F8FBFF36F8FFEE794F812
:1091A0002800810703D4204600F07AFA03E020F07B
:1091B000010084F82800002204A9286800F09CFF20
:1091C000002889D109B030BD980000102DE9FC417C
:1091D0000F46054600F014FC01A800F067F80446AD
:1091E000019818B101F0F4F9BDE8FC81254EAFB14A
:1091F00030690068D0B30027291B3A46306800F078
:10920000D1FA01F0E5F90028EED11F494FF0805066
:109210000860BFF34F8FBFF36F8FE5E7A542EBD830
:1092200001F0D6F9F0682746C068C468201D00F038
:1092300083F994F82800410719D5A0692B464119F4
:109240003A462046FFF71AFFA8B100200346014620
:1092500000902A46204601F07FFA60B9502080F342
:109260001188BFF34F8FBFF36F8FFEE707E020F049
:10927000010084F82800216A20468847B4E70127C6
:10928000BAE700009800001004ED00E00648416BCA
:10929000096829B1416BC968C9684968816270472A
:1092A0004FF0FF31FAE700005C00001070B5054692
:1092B00001F0ACF8064E0446B068844203D200F0D8
:1092C00009F8012000E0002028602046B46070BD4D
:1092D00098000010F8B5194D20E0C068C468066811
:1092E000201D00F029F9216A2046884794F82800BB
:1092F000400713D5A0693044B04206D924616060AC
:10930000211DE86800F073F908E0002003460146DB
:1093100000903246204601F01FFA38B1E868016833
:109320000029DAD12969C5E90310F8BD502080F37E
:109330001188BFF34F8FBFF36F8FFEE798000010C7
:1093400008484068401C4FF0500080F3118804D05A
:10935000BFF34F8FBFF36F8FFEE7BFF34F8FBFF3A6
:109360006F8FFEE7CC0000100346002012B1994336
:1093700002D070470B42FCD001207047074CE068D8
:10938000016841B1C0680021D0F80000FFF71EFF5E
:10939000FFF79EFEF3E701210020F7E79800001099
:1093A0002DE9F041044600F047F994F9455004F1E5
:1093B000240609E0606A48B1304601F0D1F808B1EE
:1093C00000F040FA6D1E6DB2002DF3DC4FF0FF3659
:1093D00084F8456000F050F900F02EF994F94450FB
:1093E00004F1100709E0206948B1384601F0B8F8E7
:1093F00008B100F027FA6D1E6DB2002DF3DC84F881
:109400004460BDE8F04100F037B900002DE9F041BB
:109410000546002700F0F4FA324E306808B9FFF72D
:109420001FFD706905424ED1C5B3083568070ED0DF
:1094300005F00700C0F108000544680707D0502078
:1094400080F31188BFF34F8FBFF36F8FFEE72DB30B
:109450007068854237D82348183001460C6801E00F
:1094600020460C466168A94202D221680029F7D142
:1094700031688C4227D0076821680160606808372E
:10948000411B10290FD96019420708D0502080F3E2
:109490001188BFF34F8FBFF36F8FFEE713E041607A
:1094A0006560FFF7C5FD61687068401A7060B2685A
:1094B000904200D2B060706901430020C4E900010D
:1094C000F068401CF06001F083F8780707D0502066
:1094D00080F31188BFF34F8FBFF36F8FFEE73846DD
:1094E000BDE8F081AC00001010B5040006D000F01B
:1094F000A3F8E46900F0C0F8204610BD502080F3C6
:109500001188BFF34F8FBFF36F8FFEE710B5031FB6
:109510004FF080741C601B1F21F001011960191F9E
:10952000044B0B6014390A60091F6FF002024438C3
:109530000A6010BD41930008D0E9013201699A60C8
:10954000D0E901235A604A68824201D182684A60A8
:10955000002202610868401E08600868704710B564
:10956000040008D000F068F8D4E90E10441A00F0A6
:1095700083F8204610BD502080F31188BFF34F8F31
:10958000BFF36F8FFEE70000044908680A6880692E
:10959000D26A0968C2F138028A6170475C00001023
:1095A000034B036003F15C0008608020106070478B
:1095B000240D0020044B036003F15C0008604FF4AD
:1095C0008070106070470000800F0020704700F02E
:1095D00089BA00F108014FF0FF32C0E90112C16001
:1095E000016100210160704700210161704730B5C1
:1095F0000B685A1C02D000F1080202E0026904E084
:109600002246546825689D42FAD953684B60996098
:109610008A60516008610168491C016030BD426880
:109620004A6093688B609368596091600861016833
:10963000491C016070470000502080F31188BFF37F
:109640004F8FBFF36F8F0A494868401C486001285C
:109650000CD10848006810F0FF0F07D0502080F3AD
:109660001188BFF34F8FBFF36F8FFEE77047000085
:10967000CC00001004ED00E00849486828B1401E05
:10968000486001D180F311887047502080F3118821
:10969000BFF34F8FBFF36F8FFEE70000CC000010C9
:1096A00070B500282AD0164DA0F1080460686969D9
:1096B000084207D1502080F31188BFF34F8FBFF3CA
:1096C0006F8FFEE722683AB1502080F31188BFF314
:1096D0004F8FBFF36F8FFEE78843606000F090F913
:1096E00060686968084468602046FFF7A1FC286943
:1096F000401C2861BDE8704000F06ABF70BD0000EA
:10970000AC0000104FF0E0200021016181610549AB
:109710004FF47A720968B1FBF2F1491E41610721E9
:10972000016170475800001010B5F6F7EBFD1149C4
:1097300010280ED300F1E02090F8F0030A78904250
:1097400007D2502080F31188BFF34F8FBFF36F8F84
:10975000FEE709480068896800F4E060884207D99C
:10976000502080F31188BFF34F8FBFF36F8FFEE758
:1097700010BD0000CC0000100CED00E010B5084B4F
:10978000002200BF53F832401CB1521C082AF9D302
:1097900010BD43F8321003EBC201486010BD000059
:1097A0000807002070B515460E460446FFF744FF33
:1097B00094F944100020491C01D184F8440094F924
:1097C0004510491C01D184F84500FFF755FFA06BF7
:1097D00028B92A46314604F1240000F051F8204609
:1097E000BDE87040FFF7DCBD10B5020014D00F4893
:1097F000006B38B1502080F31188BFF34F8FBFF357
:109800006F8FFEE700F0FCF800211046FFF702FA28
:1098100000F0DEFE002807D105494FF080500860B7
:10982000BFF34F8FBFF36F8F10BD00005C000010BF
:1098300004ED00E002490A6A0260C96841607047AD
:109840005C00001001490120C86170475C000010F5
:1098500010B50C4650B1094909681831FFF7C7FE29
:109860002046BDE810400121FFF7D4B9502080F315
:109870001188BFF34F8FBFF36F8FFEE75C000010BE
:1098800070B514460D4668B10A4909681831FFF7EA
:10989000C6FE0CB14FF0FF3521462846BDE87040AA
:1098A000FFF7B8B9502080F31188BFF34F8FBFF393
:1098B0006F8FFEE75C00001010B51446030011D056
:1098C0001048026BB2B1026841F000419161016839
:1098D00018461831FFF7A3FE2046BDE810400121CD
:1098E000FFF798B9502080F31188BFF34F8FBFF373
:1098F0006F8FFEE7502080F31188BFF34F8FBFF3C7
:109900006F8FFEE75C00001070B5194D2A6BF2B145
:1099100041F000410160C4680CB3FFF70DFE201D4B
:10992000FFF70AFEE06A2969884200D928611149D7
:1099300000EB800001EB8000211DFFF770FEE06A64
:109940002968C96A884201D90120E86170BD5020A8
:1099500080F31188BFF34F8FBFF36F8FFEE7502066
:1099600080F31188BFF34F8FBFF36F8FFEE70000C6
:109970005C0000104807002030B587B00024039435
:1099800005AA04A903A80494FFF70AFEDDE9030170
:109990000094CDE90110002315A11748059A00F0A5
:1099A000FCFC164D0028E8621FD000F0A5FE01283F
:1099B00009D0401C19D1502080F31188BFF34F8F7C
:1099C000BFF36F8FFEE7502080F31188BFF34F8FF6
:1099D000BFF36F8F4FF0FF30A86201206861EC6029
:1099E00007B0BDE8304000F04FB907B030BD00000F
:1099F00049444C4500000000AD8E00085C0000109A
:109A00000248016B491C0163704700005C000010B4
:109A100010B5204C206B10B10120E06110BD00207A
:109A2000E06120684FF0A531006B02688A4208D1DE
:109A300042688A4205D182688A4202D1C06888425F
:109A400004D0216820683431FFF7C0FD2069124935
:109A500001E0B8B1401E00EB800251F82220002A3C
:109A6000F7D000EB800201EB820101F108034A68A4
:109A700052684A609A4201D152684A60D1682160B6
:109A8000206110BD502080F31188BFF34F8FBFF3CA
:109A90006F8FFEE75C0000104807002070B52020A3
:109AA000FFF7B4FC040005D00025201D2560FFF75A
:109AB00090FD2577204670BD38B558B12021044669
:109AC000002000912060201DFFF783FD01202077FA
:109AD000204638BD502080F31188BFF34F8FBFF36D
:109AE0006F8FFEE72DE9F0410027884604000AD079
:109AF0005FEA18600FD0502080F31188BFF34F8FBA
:109B0000BFF36F8FFEE7502080F31188BFF34F8FB4
:109B1000BFF36F8FFEE7261D04F10C05FFF770FF02
:109B20002168F06841EA0801216017E0D0E90016D9
:109B300001F07F425301236821F07F4102D40B42A0
:109B400003D10AE031EA030307D1D20100D50F4364
:109B5000216841F00071FFF7D7FE3046A842E5D1F9
:109B60002068B843206000F033FD2068BDE8F08134
:109B700013460A460146014800F022BECF95000870
:109B80002DE9F0479A46DDF8209090460D460400F6
:109B90004FF0000709D0280E0FD0502080F3118815
:109BA000BFF34F8FBFF36F8FFEE7502080F3118814
:109BB000BFF34F8FBFF36F8FFEE71DB100F018FCAE
:109BC00040B112E0502080F31188BFF34F8FBFF3F4
:109BD0006F8FFEE7B9F1000F07D0502080F3118896
:109BE000BFF34F8FBFF36F8FFEE7FFF709FF2668C4
:109BF000524629463046FFF7B7FB30B1B8F1000FA7
:109C00001AD02068A843206016E0B9F1000F13D0E5
:109C1000B8F1000F01D04FF08077BAF1000F01D0FA
:109C200047F0806745EA07014A46201DFFF744FEDA
:109C300000F0CEFC18B10AE000F0CAFC1FE01149A8
:109C40004FF080500860BFF34F8FBFF36F8FFFF767
:109C50009BFC0646800110D4FFF7EEFC26685246B6
:109C600029463046FFF780FB28B1B8F1000F02D03B
:109C70002068A8432060FFF7FFFC26F07F463046AF
:109C8000BDE8F08704ED00E01CB537480168374AAD
:109C9000914207D1502080F31188BFF34F8FBFF35B
:109CA0006F8FFEE700683149491E884207D1502076
:109CB00080F31188BFF34F8FBFF36F8FFEE72C49FE
:109CC00008780190FF20087008788DF800009DF852
:109CD00000009DF8002000F0F000904207D05020D6
:109CE00080F31188BFF34F8FBFF36F8FFEE79DF8AE
:109CF0000000204C00F0500020700720A06005E01C
:109D00009DF8002052008DF80020401E9DF8002094
:109D10001206F5D4A060032807D0502080F31188E4
:109D2000BFF34F8FBFF36F8FFEE74FF44070A0601B
:109D3000019808700C482030016841F470010160FE
:109D4000016841F070410160FFF7DCFC00206060B9
:109D5000F6F7A0FA0848016841F040410160F6F7C3
:109D600085FA00201CBD000000ED00E071C20F412B
:109D700000E400E0CC00001034EF00E010B550200B
:109D800080F31188BFF34F8FBFF36F8F00F044FB58
:109D900018B104494FF080500860002080F311880A
:109DA00010BD000004ED00E0F8B517460E460500B2
:109DB00013D005FB06F05030FFF728FB04000AD053
:109DC000002084F8460004F150023B463146284604
:109DD0000094FFF79BF82046F8BD502080F31188CF
:109DE000BFF34F8FBFF36F8FFEE738B5049D18B1F7
:109DF00053B1CAB181B120E0502080F31188BFF384
:109E00004F8FBFF36F8FFEE7502080F31188BFF3B1
:109E10004F8FBFF36F8FFEE7502080F31188BFF3A1
:109E20004F8FBFF36F8FFEE739B1502080F3118859
:109E3000BFF34F8FBFF36F8FFEE750241C46012303
:109E400084F846302B460094FFF760F8204638BD72
:109E500070B50D46040025D0FFF7EEFBD4E90F20C6
:109E6000216802FB0011A1600021A16321686160EB
:109E70000A46D4E90F01401E00FB0121E1602146A2
:109E80004FF0FF3001F8440F487004F110008DB11D
:109E9000FFF79FFB04F12400FFF79BFBFFF7ECFBB0
:109EA000012070BD502080F31188BFF34F8FBFF3A6
:109EB0006F8FFEE721690029F0D000F051FB0028E8
:109EC000ECD004494FF080500860BFF34F8FBFF3D0
:109ED0006F8FE3E704ED00E02DE9FF4782B01D46F8
:109EE0008A464FF00008040003D0BAF1000F08D0F2
:109EF00011E0502080F31188BFF34F8FBFF36F8FB5
:109F0000FEE7206C38B1502080F31188BFF34F8FEB
:109F1000BFF36F8FFEE7022D0AD1E06B012807D057
:109F2000502080F31188BFF34F8FBFF36F8FFEE790
:109F300000F05EFA3F4F4FF000094FF0805648B9ED
:109F4000049838B1502080F31188BFF34F8FBFF3CE
:109F50006F8FFEE7FFF770FBA06BE16B884207D3C2
:109F6000022D05D00498D0B1B8F1000F1AD01EE030
:109F70002A4651462046FEF722FF616A19B104F1D4
:109F8000240000F0EDFA20B13E60BFF34F8FBFF325
:109F90006F8FFFF771FB012006B0BDE8F087FFF778
:109FA0006BFB22E06846FFF745FC4FF00108FFF726
:109FB00063FBFFF725FDFFF73FFB94F94400401CCE
:109FC00001D184F8449094F94500401C01D184F8F3
:109FD0004590FFF751FB04A9684600F077F930B1CE
:109FE0002046FFF7DDF900F0F3FA0020D4E7FFF791
:109FF00023FBA06BE16B884213D1FFF73DFB04F11B
:10A0000010000499FFF724FC2046FFF7C9F900F07F
:10A01000DFFA00289ED13E60BFF34F8FBFF36F8FF2
:10A0200098E7FFF729FB2046FFF7BAF900F0D0FACE
:10A0300090E7000004ED00E02DE9F0471F46904650
:10A040008946040003D0B9F1000F08D011E0502078
:10A0500080F31188BFF34F8FBFF36F8FFEE7206C43
:10A0600038B1502080F31188BFF34F8FBFF36F8F4B
:10A07000FEE7022F0AD1E06B012807D0502080F3C1
:10A080001188BFF34F8FBFF36F8FFEE7FFF74CFBD5
:10A090005020EFF3118680F31188BFF34F8FBFF389
:10A0A0006F8FA06BE16B884206D3022F04D0002093
:10A0B00086F31188BDE8F08794F94550A06B3A46C5
:10A0C00049462046FEF77BFE681C04D06D1C84F8D0
:10A0D00045500120ECE7606A0028FAD004F1240022
:10A0E00000F03EFA0028F4D0B8F1000FF1D00121C1
:10A0F000C8F80010EDE700002DE9F747002683B00F
:10A100008A46040003D0BAF1000F08D011E05020B5
:10A1100080F31188BFF34F8FBFF36F8FFEE7206C82
:10A1200038B1502080F31188BFF34F8FBFF36F8F8A
:10A13000FEE700F05DF9DFF8F4804FF000094FF022
:10A14000805748B9059838B1502080F31188BFF383
:10A150004F8FBFF36F8FFEE7FFF76EFAA56BC5B1A8
:10A1600051462046FEF718FE6D1EA563206950B1CA
:10A1700004F1100000F0F4F928B1C8F80070BFF342
:10A180004F8FBFF36F8FFFF777FA012006B0BDE85E
:10A19000F087059808B11EB106E0FFF76DFA27E0D9
:10A1A0006846FFF747FB0126FFF766FAFFF728FC32
:10A1B000FFF742FA94F94400401C01D184F844901E
:10A1C00094F94500401C01D184F84590FFF754FAFA
:10A1D00005A9684600F07AF8002820460AD0FFF763
:10A1E000DFF800F0F5F92046FEF764FF0028B3D051
:10A1F0000020CBE7FEF75EFF90B104F12400059943
:10A20000FFF726FB2046FFF7CBF800F0E1F9002826
:10A21000A2D1C8F80070BFF34F8FBFF36F8F9BE7D9
:10A220002046FFF7BDF800F0D3F995E704ED00E014
:10A230002DE9F04790468946040003D0B9F1000F9C
:10A2400008D011E0502080F31188BFF34F8FBFF387
:10A250006F8FFEE7206C38B1502080F31188BFF378
:10A260004F8FBFF36F8FFEE7FFF75EFA5020EFF3DB
:10A27000118680F31188BFF34F8FBFF36F8FA76BE9
:10A28000F7B194F9445049462046FEF785FD7F1EFC
:10A29000A763681C04D06D1C84F84450012010E0B2
:10A2A00020690028FAD004F1100000F059F90028C4
:10A2B000F4D0B8F1000FF1D00121C8F80010EDE79B
:10A2C000002086F31188BDE8F08700002DE9F041F9
:10A2D0000C46050011D0C4B1FFF7AEF9174BDA6890
:10A2E0006E682068911B471C17D02F681B6A9F421D
:10A2F00019D0964217D8012410E0502080F311881D
:10A30000BFF34F8FBFF36F8FFEE7502080F31188AC
:10A31000BFF34F8FBFF36F8FFEE70024FFF7ACF959
:10A320002046BDE8F081884205D9401A20602846C1
:10A33000FFF780FAF1E700202060DCE75C00001006
:10A340002DE9FF5F8346DDE90E87994616468A466A
:10A350009000FFF75BF805001CD05C20FFF756F873
:10A36000040014D00020256384F85900CDE9024090
:10A37000CDE900874B46324651465846FEF7D8FD98
:10A380002046FEF775FC012004B0BDE8F09F28468A
:10A39000FFF786F94FF0FF30F6E7F0B585B0DDE95D
:10A3A0000B640A9DA6B1DCB15C27009726630226E8
:10A3B00084F85960002604AFCDE90246CDE9005784
:10A3C000FEF7B6FD2046FEF753FC049805B0F0BD3D
:10A3D000502080F31188BFF34F8FBFF36F8FFEE7DC
:10A3E000502080F31188BFF34F8FBFF36F8FFEE7CC
:10A3F0000548416919B1006B18B100207047012070
:10A4000070470220704700005C0000100148C068DF
:10A41000704700005C0000102DE9F0412E4C002731
:10A42000206B28B1A069401CA0613846BDE8F081CE
:10A43000E668761CE66013D1606B006838B1502086
:10A4400080F31188BFF34F8FBFF36F8FFEE7606B10
:10A45000A16B6163A063206A401C2062FEF716FFB7
:10A46000A06ADFF87880864209D3606B0068A0B1EB
:10A47000606BC068C5686868864211D2A0622068B7
:10A48000C06A00EB800158F82100012800D901279B
:10A49000E0690028C9D00127C7E74FF0FF30EDE79A
:10A4A000281DFFF749F8A86A18B105F11800FFF751
:10A4B00043F8E86A2169884200D9206100EB8001F5
:10A4C00008EB8100291DFFF7AAF8E86A2168C96A2C
:10A4D0008842CAD30127C8E75C0000104807002063
:10A4E00070B504004FF0000133D01B4D2868844242
:10A4F00007D0502080F31188BFF34F8FBFF36F8FC9
:10A50000FEE7206D38B1401E2065E36CE26A9A4296
:10A510001FD040B11DE0502080F31188BFF34F8F52
:10A52000BFF36F8FFEE7201DFFF706F8E06CE062D7
:10A53000C0F13800A061E06A2969884200D9286129
:10A54000064900EB800001EB8000211DFFF767F852
:10A550000121084670BD00005C0000104807002083
:10A5600070B5C068C46854B104F118000646FEF71F
:10A57000E3FF144D286B50B13146134815E05020CD
:10A5800080F31188BFF34F8FBFF36F8FFEE7201D5D
:10A59000FEF7D2FFE06A2969884200D928610B4999
:10A5A00000EB800001EB8000211DFFF738F8E06A26
:10A5B0002968C96A884202D90120E86170BD00207B
:10A5C00070BD00005C000010D00B00204807002088
:10A5D0002DE9F0472C4D00242746286B38B1FFF7B2
:10A5E0002BF8286B401E2863286B40B146E05020B2
:10A5F00080F31188BFF34F8FBFF36F8FFEE7A96819
:10A60000224E0120D1B3A6F5916980463068E0B1B1
:10A61000F068C46804F11800FEF78EFF201DFEF7F5
:10A620008BFFE06A2969884200D9286100EB80012C
:10A6300009EB8100211DFEF7F2FFE06A2968C96A73
:10A640008842E3D3C5F81C80E0E70CB1FEF71EFE9C
:10A65000AC694CB14FEA0806FFF7DEFE00B1EE61CF
:10A66000641EF9D10020A861E86938B108490127C2
:10A6700038070860BFF34F8FBFF36F8FFEF7FCFF03
:10A680003846BDE8F08700005C000010D00B0020C9
:10A6900004ED00E02DE9FC4781461E46174688463A
:10A6A0002C200A9DFEF7B2FE04000AD0002084F898
:10A6B0002800CDE9005433463A4641464846FEF765
:10A6C0008FFC2046BDE8FC877CB52C26DDE90654CE
:10A6D000009644B1022684F82860CDE90054FEF7C4
:10A6E0007FFC20467CBD502080F31188BFF34F8F44
:10A6F000BFF36F8FFEE7000010B586B0FEF720FBBA
:10A70000114C2068B8B100200390049005AA04A958
:10A7100003A8FEF74FFFDDE9032137208DE807008E
:10A7200000230AA10B48059AFFF737FE606010B1BD
:10A7300006B0012010BD502080F31188BFF34F8F69
:10A74000BFF36F8FFEE7000098000010546D722079
:10A75000537663007D9300082DE9FF411E461346A2
:10A7600002000A9D4FF0000016D0144C2768002FFD
:10A770000FD0CDE900130292062917DAFFF738FE51
:10A7800002284FF000030FD0002269462068FFF72F
:10A79000A3FB04B0BDE8F081502080F31188BFF323
:10A7A0004F8FBFF36F8FFEE72A46EEE70023324656
:10A7B00069463846FFF740FCEBE7000098000010C0
:10A7C0001FB51C466FF00103CDE90030CDE9021240
:10A7D00004480023224669460068FFF72DFC04B0B8
:10A7E00010BD00009800001010B500290AD00878AC
:10A7F000002807D005487844F6F752FF002801D01A
:10A80000002010BD0248784410BD00006E0A000010
:10A81000660A000010B500290AD00878002807D081
:10A8200005487844F6F73CFF002801D0002010BD11
:10A830000248784410BD00005E0A0000560A00007D
:10A8400021F00042A2F16052B2F5801F01F00043F6
:10A8500028BFD2F17F6C0BD95FEA001C43EAC20229
:10A8600042EB507018BF704728BF20F001007047BE
:10A87000B2F5801FBCBF184670474FEA410C1CF56B
:10A88000001F02D2084600F043BA70B500F040F94C
:10A8900000000089FFF7F6BF4FF00040A0F58000F0
:10A8A0007047000002494FF0000000F03BBA00BFC3
:10A8B0000000F87F491058BFC1F140415B1058BFFC
:10A8C000C3F140438B42EFF30080704751EA030C21
:10A8D00017D41CF5801F58BFBCF5801F00F10680FF
:10A8E000994218BF704708BF9042704707D711F5CB
:10A8F000801F58BF13F5801F19D4994270478942B1
:10A9000070471CF5801F08D5BCF5801FF7D58B421A
:10A9100018BF704708BF824270474FF4001C1CEB01
:10A92000410F38BF1CEB430F01D28B42704770B50B
:10A9300000F0EEF8922449004FF000514FF08053A0
:10A94000FFF7B8BF51EA030C17D41CF5801F58BF9E
:10A95000BCF5801F00F10680994218BF704708BF00
:10A960009042704707D711F5801F58BF13F5801F1D
:10A9700019D499427047894270471CF5801F08D549
:10A98000BCF5801FF7D58B4218BF704708BF8242C5
:10A9900070474FF4001C1CEB410F38BF1CEB430FFA
:10A9A00001D28B42704770B500F0B2F89224490092
:10A9B0004FF000514FF08053FFF77CBFDFF848C1E4
:10A9C00070B51CEA111E1EBF1CEA13159EEA0C0F7F
:10A9D00095EA0C0F00F06F8081EA030423EA4C1320
:10A9E0004EEAD47E21EA4C1141F4801143F48013E5
:10A9F000AE44A1FB024CA0FB0365AEF17F7E36198D
:10AA000055EB0C05A1FB034C4CF10003A0FB021C11
:10AA100016EB0C06654153F10003094218BF46F0DE
:10AA2000010613F4007F0BD14FEA03314FEA0530E2
:10AA3000340341EA155140EA16506FF003020AE070
:10AA40004FEAC3214FEAC520F40241EA555140EADA
:10AA500056506FF0020202EB2E4201EB025585EADE
:10AA6000CE710AD05FEA440C18BF24F0004450F1C4
:10AA7000000041F1000120EAD47040F2FE7C624502
:10AA800000D270BDA84214BF4FF080444FF0404444
:10AA9000002E08BF0024BEF1806FA8BFA1F1C04105
:10AAA000BDE8704080F282804FF0000001F1C041AB
:10AAB00001F0004170479EEA0C0F0CEA131518BF15
:10AAC00095EA0C0F06D04FF0000081EA030E0EF05D
:10AAD000004170BD00F01CF88900013E00F007B88D
:10AAE00000F009B84FEA430C5FEA5C5C08D081EAE9
:10AAF000030100F05BB84FEA410C5FEA5C5CF6D101
:10AB00004FF00000014970470000FF070000F87F88
:10AB10000EF1020E2EF0030E5EF8046B364205D4E1
:10AB2000012A43EB030515F5001F12D8012841EB5C
:10AB3000010C1CF5001F0CD80ED14FEAD17C15F585
:10AB4000001F0CEB4C0C0CF1020C08BF4CEBD37C3F
:10AB500004E04FF0080C01E04FEAD37C0CEB4C050D
:10AB600026FA05F606F00706B6F1040C06D20EEB3F
:10AB7000860CBDE870404CF0010C6047DFE80CF03B
:10AB8000090B02024FF000414FF00000A1F5002137
:10AB900070BD19461046012851EB010418BFD4F5C9
:10ABA000001484BF002001F0004170BD0808A0F52A
:10ABB00000114FEA3101704753EA010C17D41CF51C
:10ABC000801F58BFBCF5801F00F106808B4218BF64
:10ABD000704708BF8242704707D713F5801F58BFE0
:10ABE00011F5801F19D48B4270479B4270471CF5AA
:10ABF000801F08D5BCF5801FF7D5994218BF704754
:10AC000008BF904270474FF4001C1CEB430F38BF45
:10AC10001CEB410F01D2994270470FB40CBC03BC2E
:10AC2000FFF7C1BE43004FEAD30C4FEA3C0C434050
:10AC30001FBF40070CF1605113F0FE4F70471CF02E
:10AC4000006F03D100200CF0004170470CF000436E
:10AC500043EA507010B540EACC0000F00EF800BF97
:10AC6000000000924FEA0001FFF7A0BF4FF0004143
:10AC70004FF00000A1F5002170470EF1020E2EF0FA
:10AC8000030E5EF8044B244204D44FEA4102B2F1B1
:10AC90007F4F11D84FEA4003B3F17F4F0CD80ED14C
:10ACA0004FEAD07CB2F17F4F0CEB4C0C0CF1020C54
:10ACB00008BF4CEBD17C04E04FF0080C01E04FEAF8
:10ACC000D17C0CEB4C0324FA03F404F00704B4F138
:10ACD000040C06D20EEB840CBDE810404CF0010CC5
:10ACE0006047DFE80CF0070802024FF00040A0F5D3
:10ACF000800010BD0846420018BFD2F1807288BFA4
:10AD000000F0004010BD4FF04070E1EE100A7047B7
:10AD1000FF2141EAD050C00570474FF00000704756
:10AD2000F5F77CBE0CF00F03092B08BF082000F0DC
:10AD30005F800A2B0BD0082B18BF704708BF1CF090
:10AD4000400F0AD04FF000004FF0000170471CF098
:10AD5000400F18BF4FF0004070471CF0100F08D094
:10AD600020F0704300F07F4242EAD3014FEA437083
:10AD7000704700F0604021F07F4242EA000201F09B
:10AD80007F4040EA727070474FF0FF0C4CF4E06C6B
:10AD90001CEA11531CBF9CEA030C9445C2BFDA4263
:10ADA00001EB02517047002B0DD0BCF1000F0FD00A
:10ADB000002A01F00041A4BF41F0E04141F07F6171
:10ADC0004FF00000704701F000414FF00000704765
:10ADD00050EA01334FF09B0C18BF4CF0806C7FF4AD
:10ADE00061AD7047F6F7FCBAF6F7A0BCF6F72EBED9
:10ADF0001CF4801F11D01CF4E02F03D06FEACC317B
:10AE0000490070474FF04050EFF3008222F070424B
:10AE100042EA000282F3008870474FF0000070475A
:10AE200080010010000802401000000030020010F5
:10AE300000040240080000008C0000000000000038
:10AE4000000000000000000058B1000800000000F1
:10AE500000000000000000000000000000080000EA
:10AE6000370000000000000000000000F0B0000803
:10AE700000000000000000000000000000000000D2
:10AE80000006000036000000000000000000000086
:10AE900000B10008000000000000000000000000F9
:10AEA0000000000000040000360000000000000068
:10AEB00000000000B4B10008000000000000000025
:10AEC0000000000000000000000600003500000047
:10AED0000000000000000000C0B1000800000000F9
:10AEE000000000000000000000000000000800005A
:10AEF00034000000000000000000000004B2000860
:10AF00000000000000000000000000000000000041
:10AF100000040000340000000000000000000000F9
:10AF2000A4B10008000000000000000000000000C4
:10AF3000000000008002000034000000000000005B
:10AF40000000000094B100080000000000000000B4
:10AF500000000000000000000002000033000000BC
:10AF6000000000000000000010B100080000000018
:10AF700000000000000000000000000000020000CF
:10AF800034000000000000000000000030B10008A4
:10AF9000000000007804002050000000B0020020F3
:10AFA000C8010000F0B1000800000000000000002F
:10AFB000000000000000000000000000E0B10008F8
:10AFC0000000000000000000000000000000000081
:10AFD0000000000044B10008000000000000000074
:10AFE000000000000000000000000000D0B10008D8
:10AFF0000000000000000000000000000000000051
:10B000000000000020B10008000000000000000067
:10B0100000000000000000000000000080B10008F7
:10B0200000000000000000000000000068B10008FF
:10B0300000000000000000000000000000061016E4
:10B0400000061016000000000000000001020304CA
:10B050000607080900000000010203040240000086
:10B06000000000A00000000005400000000000C833
:10B07000000000000C4000000000409C00000000A8
:10B08000194000000020BCBE000000003440000059
:10B09000BFC91B8E00000004B5400000504BCFD04C
:10B0A0006607E2CF010000006C4100003E8251AA19
:10B0B000DFEEA73401000000D9420000DCB5A0E2B9
:10B0C0003A301F97FFFFFFFFB4450000FD25A0C8E1
:10B0D000E9A3C14FFFFFFFFFFF3F0000000000801A
:10B0E00000000000FF3F00000000008000000000A2
:10B0F0005461736B5F494D55325F52444400000008
:10B100005461736B5F52435F4C494E4B000000002B
:10B110005461736B5F495744475F4665656400003F
:10B120004E6176436F6D6D616E6451756575650036
:10B13000426C61636B626F784C6F675175657565C2
:10B1400000000000496E64696361746F7245766542
:10B150006E745175657565005461736B5F466C69FB
:10B160006768744374726C0053797374656D5265CB
:10B170006164794576656E7447726F757000000082
:10B1800052435F4661696C7361666554696D6572AF
:10B19000000000005461736B5F496E646963617401
:10B1A0006F7200005461736B5F506F7765724D6F03
:10B1B0006E6974005461736B5F4E6176000000002D
:10B1C0005461736B5F426C61636B626F7800000067
:10B1D0004D6167446174614D61696C626F78000014
:10B1E0004E617653746174654D61696C626F78006D
:10B1F00052434368616E6E656C4D61696C626F7835
:10B20000000000005461736B5F54656C656D65747C
:10B210007279000090B30008000000203C0000009C
:10B22000C4010008CCB3000800000010D8000000E2
:10B23000C4010008CCB300083C0000200404010055
:10B24000E0010008A4B40008D8000010600300006A
:10B25000E0010008000000000000F07FFFFFFFFF9A
:10B26000FFFFEF7F1C00000043000000F8FFFFFF1E
:10B270000C0000000E0000000F0000002E00000077
:10B280001001000043000000F8FFFFFF00404040B5
:10B2900040404040404041414141414040404040A9
:10B2A0004040404040404040404040404005020255
:10B2B0000202020202020202020202020220202014
:10B2C0002020202020202002020202020202909070
:10B2D000909090901010101010101010101010106E
:10B2E00010101010101010100202020202028888C2
:10B2F00088888888080808080808080808080808CE
:10B3000008080808080808080202020240000000B5
:10B31000000000000000000000000000000000002D
:10B32000000000000000000000000000000000001D
:10B33000000000000000000000000000000000000D
:10B3400000000000000000000000000000000000FD
:10B3500000000000000000000000000000000000ED
:10B3600000000000000000000000000000000000DD
:10B3700000000000000000000000000000000000CD
:10B3800000000000000000000000000000000000BD
:10B3900000000000000000000001010000000000AB
:10B3A00000000000000000000100000039830008D8
:10B3B000518300084D830008618300084983000819
:10B3C000000000000000000000000000000000007D
:10B3D000000000000000000000000000000000006D
:10B3E000000000000000000000000000000000005D
:10B3F000000000000000000000000000000000004D
:10B40000000000000000000000000000000000003C
:10B41000000000000000000001000000100000001B
:10B42000000000000024F400000000000000000004
:10B43000000000000000000000000000000000000C
:10B4400000000000000000000000000000000000FC
:10B4500000000000000000000000000000000000EC
:10B4600000000000000000000000000000000000DC
:10B4700000000000000000000000000000000000CC
:10B4800000000000000000000000000000000000BC
:10B49000000000000000000000000000AAAAAAAA04
:04B4A00000000000A8
:040000050800018965
:00000001FF
